{
    "pools": [
        {
            "rolls": 1,
            "entries": [
                {
                    "type": "item",
                    "name": "minecraft:beetroot_soup",
                    "functions": [
                        {
                            "function": "minecraft:set_components",
                            "components": {
                                "minecraft:item_name": "{ 'translate': 'item.jmmf.fruit_salad', 'italic': false }",
                                "minecraft:custom_model_data": 481164,
                                "minecraft:custom_data": {
                                    "smithed": {
                                        "id": "jmmf:fruit_salad"
                                    }
                                },
                                "minecraft:max_stack_size": 16
                            }
                        }
                    ]
                }
            ]
        }
    ]
}
