{"providers":[{"type":"space","advances":{"a":-8,"b":-168,"c":-60,"d":-119,"u":1,"v":168,"w":-168,"x":20,"y":-20,"z":110,"{":-110,"|":38,"}":-38,"~":117,"":-117,"":45,"":-45,"":27,"":108,"":-135}},{"type":"bitmap","file":"polyfactory:sgui/crafter.png","ascent":13,"height":256,"chars":["e"]},{"type":"bitmap","file":"polyfactory:sgui/grinder.png","ascent":13,"height":256,"chars":["f"]},{"type":"bitmap","file":"polyfactory:sgui/press.png","ascent":13,"height":256,"chars":["g"]},{"type":"bitmap","file":"polyfactory:sgui/mixer.png","ascent":13,"height":256,"chars":["h"]},{"type":"bitmap","file":"polyfactory:sgui/mechanical_drain.png","ascent":13,"height":256,"chars":["i"]},{"type":"bitmap","file":"polyfactory:sgui/mechanical_spout.png","ascent":13,"height":256,"chars":["j"]},{"type":"bitmap","file":"polyfactory:sgui/mechanical_spout_noconn.png","ascent":13,"height":256,"chars":["k"]},{"type":"bitmap","file":"polyfactory:sgui/steam_engine.png","ascent":13,"height":256,"chars":["l"]},{"type":"bitmap","file":"polyfactory:sgui/center_slot.png","ascent":13,"height":256,"chars":["m"]},{"type":"bitmap","file":"polyfactory:sgui/fill3.png","ascent":13,"height":256,"chars":["n"]},{"type":"bitmap","file":"polyfactory:sgui/blueprint_workbench.png","ascent":13,"height":256,"chars":["o"]},{"type":"bitmap","file":"polyfactory:sgui/slot_aware_funnel.png","ascent":13,"height":256,"chars":["p"]},{"type":"bitmap","file":"polyfactory:sgui/item_filter.png","ascent":13,"height":256,"chars":["q"]},{"type":"bitmap","file":"polyfactory:sgui/input.png","ascent":13,"height":256,"chars":["r"]},{"type":"bitmap","file":"polyfactory:sgui/text_input.png","ascent":13,"height":256,"chars":["s"]},{"type":"bitmap","file":"polyfactory:sgui/data_extractor.png","ascent":13,"height":256,"chars":["t"]},{"type":"bitmap","file":"polyfactory:sgui/polydex/0.png","ascent":-4,"height":128,"chars":["",""]},{"type":"bitmap","file":"polyfactory:sgui/polydex/1.png","ascent":-4,"height":128,"chars":["",""]},{"type":"bitmap","file":"polyfactory:sgui/polydex/2.png","ascent":-4,"height":128,"chars":["",""]}]}