{"entity.enderman.ambient":{"replace":true,"subtitle":"subtitles.entity.enderman.ambient","sounds":["mob/endermen/idle1","mob/endermen/idle2","mob/endermen/idle3","mob/endermen/idle4","mob/endermen/idle5"]},"entity.enderman.death":{"replace":true,"subtitle":"subtitles.entity.enderman.death","sounds":["mob/endermen/death"]},"entity.enderman.hurt":{"replace":true,"subtitle":"subtitles.entity.enderman.hurt","sounds":["mob/endermen/hit1","mob/endermen/hit2","mob/endermen/hit3","mob/endermen/hit4"]},"entity.enderman.scream":{"replace":true,"subtitle":"subtitles.entity.enderman.ambient","sounds":["mob/endermen/scream1","mob/endermen/scream2","mob/endermen/scream3","mob/endermen/scream4"]},"entity.enderman.stare":{"replace":true,"subtitle":"subtitles.entity.enderman.stare","sounds":["mob/endermen/stare_1","mob/endermen/stare_2"]},"entity.enderman.teleport":{"replace":true,"subtitle":"subtitles.entity.enderman.teleport","sounds":["mob/endermen/teleport_1","mob/endermen/teleport_2","mob/endermen/teleport_3","mob/endermen/teleport_4","mob/endermen/teleport_5","mob/endermen/teleport_6","mob/endermen/teleport_7","mob/endermen/teleport_8"]},"entity.endermite.ambient":{"replace":true,"subtitle":"subtitles.entity.endermite.ambient","sounds":["mob/endermite/idle_1","mob/endermite/idle_2","mob/endermite/idle_3"]},"entity.endermite.death":{"replace":true,"subtitle":"subtitles.entity.endermite.death","sounds":["mob/endermite/death_1","mob/endermite/death_2"]},"entity.endermite.hurt":{"replace":true,"subtitle":"subtitles.entity.endermite.hurt","sounds":["mob/endermite/hurt_1","mob/endermite/hurt_2","mob/endermite/hurt_3"]},"entity.shulker.hurt_closed":{"replace":true,"subtitle":"subtitles.entity.shulker.hurt","sounds":["entity/shulker/hurt_closed_1","entity/shulker/hurt_closed_2","entity/shulker/hurt_closed_3","entity/shulker/hurt_closed_4"]},"entity.shulker.shoot":{"replace":true,"subtitle":"subtitles.entity.shulker.shoot","sounds":["entity/shulker/shoot_1","entity/shulker/shoot_2","entity/shulker/shoot_3","entity/shulker/shoot_4"]},"entity.shulker.teleport":{"replace":true,"subtitle":"subtitles.entity.shulker.teleport","sounds":["mob/endermen/portal","mob/endermen/portal2"]},"entity.shulker_bullet.hit":{"replace":true,"subtitle":"subtitles.entity.shulker_bullet.hit","sounds":["entity/shulker_bullet/hit_1","entity/shulker_bullet/hit_2","entity/shulker_bullet/hit_3","entity/shulker_bullet/hit_4"]},"entity.shulker_bullet.hurt":{"replace":true,"subtitle":"subtitles.entity.shulker_bullet.hurt","sounds":["entity/shulker_bullet/hit1","entity/shulker_bullet/hit2","entity/shulker_bullet/hit3","entity/shulker_bullet/hit4"]},"entity.ender_dragon.ambient":{"replace":true,"sounds":["mob/enderdragon/idle1","mob/enderdragon/idle2","mob/enderdragon/idle3","mob/enderdragon/idle4"]},"block.glass.place":{"replace":true,"subtitle":"subtitles.block.generic.place","sounds":["step/stone1","step/stone2","step/stone3","step/stone4","step/stone5"]},"entity.ender_pearl.throw":{"replace":true,"subtitle":"subtitles.entity.ender_pearl.throw","sounds":[{"name":"entity/endereye/endereye_launch1","volume":1.3},{"name":"entity/endereye/endereye_launch2","volume":1.3}]}}