{
  "type": "crafting_shapeless",
  "ingredients": [
    {
      "item": "minecraft:bowl"
    },
    {
      "item": "minecraft:snowball"
    },
    {
      "item": "minecraft:snowball"
    },
    {
      "item": "minecraft:pumpkin"
    },
    {
      "item": "minecraft:milk_bucket"
    }
  ],
  "result": {
    "id": "minecraft:suspicious_stew",
    "components": {
      "minecraft:item_name": "{ 'translate': 'item.jmmf.pumpkin_ice_cream', 'italic': false }",
      "minecraft:custom_model_data": 481223,
      "minecraft:custom_data": {
        "smithed": {
          "id": "jmmf:pumpkin_ice_cream"
        },
        "joshmats": {
          "tag": ["ice_cream"]
        }
      },
      "minecraft:food": {
        "nutrition": 6,
        "saturation": 6,
        "effects": [
          {
            "effect": {
              "id": "minecraft:slowness",
              "duration": 1200
            }
          },
          {
            "effect": {
              "id": "minecraft:weakness",
              "duration": 1200
            }
          }
        ]
      },
      "minecraft:max_stack_size": 16
    }
  }
}