{"textures":{"0":"bil:item/elephant/elephant","particle":"bil:item/elephant/elephant"},"elements":[{"from":[0.32000017,0.8000002,-2.5599995],"to":[15.68,15.2,8.0],"faces":{"up":{"texture":"#0","tintindex":0,"uv":[5.998,3.248,4.502,2.1895]},"west":{"texture":"#0","tintindex":0,"uv":[7.8105,3.252,6.752,4.6855]},"east":{"texture":"#0","tintindex":0,"uv":[6.752,3.252,7.8105,4.6855]},"south":{"texture":"#0","tintindex":0,"uv":[6.752,0.002,8.248,1.4355]},"down":{"texture":"#0","tintindex":0,"uv":[7.498,2.1895,6.002,3.248]},"north":{"texture":"#0","tintindex":0,"uv":[5.252,5.5645,6.748,6.998]}},"rotation":{"axis":"y","angle":0.0,"origin":[8.0,-19.359999,25.279999]}},{"from":[1.2800002,-8.799999,-1.5999994],"to":[4.16,1.7600002,1.2800002],"faces":{"up":{"texture":"#0","tintindex":0,"uv":[7.8105,3.248,7.502,2.9395]},"west":{"texture":"#0","tintindex":0,"uv":[8.252,0.002,8.5605,1.4355]},"east":{"texture":"#0","tintindex":0,"uv":[1.877,7.752,2.1855,9.1855]},"south":{"texture":"#0","tintindex":0,"uv":[4.752,7.0645,5.0605,8.498]},"down":{"texture":"#0","tintindex":0,"uv":[8.5605,2.627,8.252,2.9355]},"north":{"texture":"#0","tintindex":0,"uv":[4.752,7.0645,5.0605,8.498]}},"rotation":{"axis":"x","angle":22.5,"origin":[2.7200003,0.8000002,-0.15999985]}},{"from":[11.84,-8.799999,-1.5999994],"to":[14.719999,1.7600002,1.2800002],"faces":{"up":{"texture":"#0","tintindex":0,"uv":[7.8105,3.248,7.502,2.9395]},"west":{"texture":"#0","tintindex":0,"uv":[8.252,0.002,8.5605,1.4355]},"east":{"texture":"#0","tintindex":0,"uv":[1.877,7.752,2.1855,9.1855]},"south":{"texture":"#0","tintindex":0,"uv":[4.752,7.0645,5.0605,8.498]},"down":{"texture":"#0","tintindex":0,"uv":[8.5605,2.627,8.252,2.9355]},"north":{"texture":"#0","tintindex":0,"uv":[4.752,7.0645,5.0605,8.498]}},"rotation":{"axis":"x","angle":22.5,"origin":[2.7200003,0.8000002,-0.15999985]}}],"display":{"head":{"rotation":[0.0,180.0,0.0]}}}