{
  "type": "crafting_shapeless",
  "ingredients": [
    {
      "item": "minecraft:bowl"
    },
    {
      "item": "minecraft:carrot"
    },
    {
      "item": "minecraft:milk_bucket"
    },
    {
      "tag": "minecraft:leaves"
    }
  ],
  "result": {
    "id": "minecraft:beetroot_soup",
    "components": {
      "minecraft:item_name": "{ 'translate': 'item.jmmf.coleslaw', 'italic': false }",
      "minecraft:custom_model_data": 481160,
      "minecraft:custom_data": {
        "smithed": {
          "id": "jmmf:coleslaw"
        }
      },
      "minecraft:max_stack_size": 16
    }
  }
}