{
  "type": "crafting_shapeless",
  "ingredients": [
    {
      "item": "minecraft:bowl"
    },
    [
      {
        "item": "minecraft:carrot"
      },
      {
        "item": "minecraft:potato"
      },
      {
        "item": "minecraft:beetroot"
      }
    ],
    [
      {
        "item": "minecraft:carrot"
      },
      {
        "item": "minecraft:potato"
      },
      {
        "item": "minecraft:beetroot"
      }
    ],
    {
      "tag": "minecraft:leaves"
    }
  ],
  "result": {
    "id": "minecraft:beetroot_soup",
    "components": {
      "minecraft:item_name": "{ 'translate': 'item.jmmf.vegetable_salad', 'italic': false }",
      "minecraft:custom_model_data": 481162,
      "minecraft:custom_data": {
        "smithed": {
          "id": "jmmf:vegetable_salad"
        }
      },
      "minecraft:food": {
        "nutrition": 7,
        "saturation": 10
      },
      "minecraft:max_stack_size": 16
    }
  }
}