{
  "type": "crafting_shaped",
  "pattern": [
    " P ",
    "EMC",
    " L "
  ],
  "key": {
    "P": {
      "item": "minecraft:baked_potato"
    },
    "E": {
      "item": "minecraft:egg"
    },
    "M": {
      "item": "minecraft:milk_bucket"
    },
    "C": {
      "item": "minecraft:carrot"
    },
    "L": {
      "item": "minecraft:cooked_mutton"
    }
  },
  "result": {
    "id": "minecraft:pumpkin_pie",
    "components": {
      "minecraft:item_name": "{ 'translate': 'item.jmmf.shepherds_pie', 'italic': false }",
      "minecraft:custom_model_data": 481134,
      "minecraft:custom_data": {
        "smithed": {
          "id": "jmmf:shepherds_pie"
        }
      },
      "minecraft:food": {
        "nutrition": 14,
        "saturation": 17
      }
    }
  }
}