[
  { 
    "function": "minecraft:set_components", 
    "components": {
      "minecraft:item_name": "{ 'translate': 'item.jmmf.cookbook', 'italic': false }",
      "minecraft:custom_model_data": 480901,
      "minecraft:custom_data": {
        "smithed": {
          "id": "jmmf:cookbook"
        }
      },
      "minecraft:written_book_content": {
        "title": "Josh's Cookbook",
        "author": "Joshcraft2002",
        "pages": [
         "[ {'text':'\n\n\n\n\n\n\n\n\n'}, {'text':'   \uF901\n','font':'jmmf:cookbook','color':'white'}, {'translate':'item.jmmf.cookbook.title'}, {'translate':'item.jmmf.cookbook.version'}, {'translate':'item.jmmf.cookbook.datapackcredits','color':'blue','clickEvent':{'action':'change_page','value':'52'},'hoverEvent':{'action':'show_text','contents':[{'translate':'item.jmmf.cookbook.datapackcredits.hover'}]}} ]", "[ '',{'translate':'item.jmmf.cookbook.contents','underlined':true}, {'text':'\n\uF900 ','font':'jmmf:cookbook','color':'white'}, {'translate':'block.jmmf.cooking_station','clickEvent':{'action':'change_page','value':'4'},'hoverEvent':{'action':'show_text','contents':[{'translate':'item.jmmf.cookbook.cooking.skip'}]}}, {'text':'\n\uF053 ','font':'jmmf:cookbook','color':'white'}, {'translate':'item.jmmf.cookbook.knives','clickEvent':{'action':'change_page','value':'10'},'hoverEvent':{'action':'show_text','contents':[{'translate':'item.jmmf.cookbook.knives.skip'}]}}, {'text':'\n\uF001 ','font':'jmmf:cookbook','color':'white'}, {'translate':'item.jmmf.rice','clickEvent':{'action':'change_page','value':'11'},'hoverEvent':{'action':'show_text','contents':[{'translate':'item.jmmf.cookbook.rice.skip'}]}}, {'text':'\n\uF363 ','font':'jmmf:cookbook','color':'white'}, {'translate':'item.jmmf.cookbook.tea','clickEvent':{'action':'change_page','value':'15'},'hoverEvent':{'action':'show_text','contents':[{'translate':'item.jmmf.cookbook.tea.skip'}]}}, {'text':'\n\uF070 ','font':'jmmf:cookbook','color':'white'}, {'translate':'item.jmmf.cookbook.bread','clickEvent':{'action':'change_page','value':'27'},'hoverEvent':{'action':'show_text','contents':[{'translate':'item.jmmf.cookbook.bread.skip'}]}}, {'text':'\n\uF100 ','font':'jmmf:cookbook','color':'white'}, {'translate':'item.jmmf.cookbook.cookies','clickEvent':{'action':'change_page','value':'30'},'hoverEvent':{'action':'show_text','contents':[{'translate':'item.jmmf.cookbook.cookies.skip'}]}}, {'text':'\n\uF132 ','font':'jmmf:cookbook','color':'white'}, {'translate':'item.jmmf.cookbook.pies','clickEvent':{'action':'change_page','value':'32'},'hoverEvent':{'action':'show_text','contents':[{'translate':'item.jmmf.cookbook.pies.skip'}]}}, {'text':'\n\uF330 ','font':'jmmf:cookbook','color':'white'}, {'translate':'item.jmmf.cookbook.doughnuts','clickEvent':{'action':'change_page','value':'37'},'hoverEvent':{'action':'show_text','contents':[{'translate':'item.jmmf.cookbook.doughnuts.skip'}]}}, {'text':'\n\uF160 ','font':'jmmf:cookbook','color':'white'}, {'translate':'item.jmmf.cookbook.salads','clickEvent':{'action':'change_page','value':'39'},'hoverEvent':{'action':'show_text','contents':[{'translate':'item.jmmf.cookbook.salads.skip'}]}}, {'text':'\n\uF192 ','font':'jmmf:cookbook','color':'white'}, {'translate':'item.jmmf.cookbook.soups','clickEvent':{'action':'change_page','value':'43'},'hoverEvent':{'action':'show_text','contents':[{'translate':'item.jmmf.cookbook.soups.skip'}]}}, {'text':'\n\uF220 ','font':'jmmf:cookbook','color':'white'}, {'translate':'item.jmmf.cookbook.ice_cream','clickEvent':{'action':'change_page','value':'46'},'hoverEvent':{'action':'show_text','contents':[{'translate':'item.jmmf.cookbook.ice_cream.skip'}]}} ]", "[ '',{'translate':'item.jmmf.cookbook.contents','underlined':true}, {'text':'\n\uF250 ','font':'jmmf:cookbook','color':'white'}, {'translate':'item.jmmf.cookbook.other','clickEvent':{'action':'change_page','value':'49'},'hoverEvent':{'action':'show_text','contents':[{'translate':'item.jmmf.cookbook.other.skip'}]}}, {'text':'\n\uF923 ','font':'jmmf:cookbook','color':'white'}, {'translate':'item.jmmf.cookbook.nutritionbook','clickEvent':{'action':'change_page','value':'51'},'hoverEvent':{'action':'show_text','contents':[{'translate':'item.jmmf.cookbook.nutritionbook.skip'}]}} ]", "['', {'text':'\uF900','font':'jmmf:cookbook','color':'white'}, {'text':' | '}, {'translate':'block.jmmf.cooking_station','underlined':true}, {'text':'\n \uE900\n\n\n\n\n\n','font':'jmmf:cookbook','color':'white'}, {'translate':'item.jmmf.cookbook.cooking.desc_1','color':'dark_gray'} ]", "['', {'text':'\uF900','font':'jmmf:cookbook','color':'white'}, {'text':' | '}, {'translate':'block.jmmf.cooking_station','underlined':true}, {'text':'\n \uE901\n\n\n\n\n','font':'jmmf:cookbook','color':'white'}, {'translate':'item.jmmf.cookbook.cooking.desc_2','color':'dark_gray'} ]", "['', {'text':'\uF900','font':'jmmf:cookbook','color':'white'}, {'text':' | '}, {'translate':'block.jmmf.cooking_station','underlined':true}, {'text':'\n \uE902\n\n\n\n\n','font':'jmmf:cookbook','color':'white'}, {'translate':'item.jmmf.cookbook.cooking.desc_3','color':'dark_gray'} ]", "['', {'text':'\uF900','font':'jmmf:cookbook','color':'white'}, {'text':' | '}, {'translate':'block.jmmf.cooking_station','underlined':true}, {'text':'\n \uE902\n\n\n\n\n','font':'jmmf:cookbook','color':'white'}, {'translate':'item.jmmf.cookbook.cooking.desc_4','color':'dark_gray'} ]", "['', {'text':'\uF900','font':'jmmf:cookbook','color':'white'}, {'text':' | '}, {'translate':'block.jmmf.cooking_station','underlined':true}, {'text':'\n \uE903\n\n\n\n\n','font':'jmmf:cookbook','color':'white'}, {'translate':'item.jmmf.cookbook.cooking.desc_5','color':'dark_gray'} ]", "['', {'text':'\uF900','font':'jmmf:cookbook','color':'white'}, {'text':' | '}, {'translate':'block.jmmf.cooking_station','underlined':true}, {'text':'\n \uE904\n\n\n\n\n','font':'jmmf:cookbook','color':'white'}, {'translate':'item.jmmf.cookbook.cooking.desc_6','color':'dark_gray'} ]", "['', {'text':'\uF053','font':'jmmf:cookbook','color':'white'}, {'text':' | '}, {'translate':'item.jmmf.cookbook.knives','underlined':true}, {'text':'\n \uE053\n\n\n\n\n\n','font':'jmmf:cookbook','color':'white'}, {'translate':'item.jmmf.cookbook.knives.desc','color':'dark_gray'} ]", "['', {'text':'\uF001','font':'jmmf:cookbook','color':'white'}, {'text':' | '}, {'translate':'item.jmmf.rice','underlined':true}, {'text':'\n \uE001\n\n\n\n\n','font':'jmmf:cookbook','color':'white'}, {'translate':'item.jmmf.cookbook.requires_water','color':'#3F76E4'}, {'translate':'item.jmmf.cookbook.rice.desc','color':'dark_gray'} ]", "['', {'text':'\uF008','font':'jmmf:cookbook','color':'white'}, {'text':' | '}, {'translate':'item.jmmf.red_rice'}, {'text':'\n \uE008\n\n\n\n\n','font':'jmmf:cookbook','color':'white'}, {'translate':'item.jmmf.cookbook.requires_water','color':'#3F76E4'}, {'translate':'item.jmmf.cookbook.red_rice.desc','color':'dark_gray'} ]", "['', {'text':'\uF002','font':'jmmf:cookbook','color':'white'}, {'text':' | '}, {'translate':'item.jmmf.rice_bowl'}, {'text':'\n \uE002\n\n\n\n\n','font':'jmmf:cookbook','color':'white'}, {'translate':'item.jmmf.cookbook.rice_meals.space_1'}, {'text':'\uF009','font':'jmmf:cookbook','color':'white'}, {'text':' | '}, {'translate':'item.jmmf.red_rice_bowl'}, {'text':'\n \uE009','font':'jmmf:cookbook','color':'white'} ]", "['', {'text':'\uF300','font':'jmmf:cookbook','color':'white'}, {'text':' | '}, {'translate':'item.jmmf.fried_rice'}, {'text':'\n \uE300\n\n\n\n\n','font':'jmmf:cookbook','color':'white'}, {'translate':'item.jmmf.cookbook.rice_meals.space_2'}, {'text':'\uF301','font':'jmmf:cookbook','color':'white'}, {'text':' | '}, {'translate':'item.jmmf.champorado'}, {'text':'\n \uE301','font':'jmmf:cookbook','color':'white'} ]", "['', {'text':'\uF363','font':'jmmf:cookbook','color':'white'}, {'text':' | '}, {'translate':'item.jmmf.cookbook.tea','underlined':true}, {'text':'\n  \uE960\n\n\n\n\n\n\n','font':'jmmf:cookbook','color':'white'}, {'translate':'item.jmmf.cookbook.tea.desc_1','color':'dark_gray'}, {'translate':'item.jmmf.cookbook.tea.desc_2','color':'#D15EAE'}, {'translate':'item.jmmf.cookbook.requires_water_all','color':'blue'} ]", "['', {'text':'\uF363','font':'jmmf:cookbook','color':'white'}, {'text':' | '}, {'translate':'item.jmmf.cookbook.tea','underlined':true}, {'text':'\n  \uE961\n\n\n\n\n\n\n','font':'jmmf:cookbook','color':'white'}, {'translate':'item.jmmf.cookbook.tea.desc_3','color':'dark_gray'}, {'translate':'item.jmmf.cookbook.tea.desc_4','color':'#D15EAE'} ]", "['', {'text':'\uF005','font':'jmmf:cookbook','color':'white'}, {'text':' | '}, {'translate':'item.jmmf.tea_leaves','color':'black'}, {'text':'\n\n \uE005\n\n\n\n','font':'jmmf:cookbook','color':'white'}, {'translate':'item.jmmf.cookbook.tea_leaves.desc','color':'dark_gray'} ]", "['', {'text':'\uF010','font':'jmmf:cookbook','color':'white'}, {'text':' | '}, {'translate':'item.jmmf.black_tea_leaves','color':'black'}, {'text':'\n\uE010\n\n\n\n\n\n','font':'jmmf:cookbook','color':'white'}, {'translate':'item.jmmf.cookbook.black_tea_leaves.desc','color':'dark_gray'} ]", "['', {'text':'\uF004','font':'jmmf:cookbook','color':'white'}, {'text':' | '}, {'translate':'item.jmmf.teacup'}, {'text':'\n \uE004\n\n\n\n\n\n','font':'jmmf:cookbook','color':'white'}, {'translate':'item.jmmf.cookbook.teacup.desc','color':'dark_gray'} ]", "['', {'text':'\uF367','font':'jmmf:cookbook','color':'white'}, {'text':' | '}, {'translate':'item.jmmf.bamboo_tea'}, {'text':'\n \uE367\n\n\n\n\n','font':'jmmf:cookbook','color':'white'}, {'translate':'item.jmmf.cookbook.tea.space_1'}, {'text':'\uF368','font':'jmmf:cookbook','color':'white'}, {'text':' | '}, {'translate':'item.jmmf.beetroot_tea'}, {'text':'\n \uE368','font':'jmmf:cookbook','color':'white'} ]", "['', {'text':'\uF369','font':'jmmf:cookbook','color':'white'}, {'text':' | '}, {'translate':'item.jmmf.birch_tea'}, {'text':'\n \uE369\uF902\uE969\n\n\n\n\n','font':'jmmf:cookbook','color':'white'}, {'translate':'item.jmmf.cookbook.tea.space_2'}, {'text':'\uF371','font':'jmmf:cookbook','color':'white'}, {'text':' | '}, {'translate':'item.jmmf.chamomile_tea'}, {'text':'\n \uE371','font':'jmmf:cookbook','color':'white'} ]", "['', {'text':'\uF361','font':'jmmf:cookbook','color':'white'}, {'text':' | '}, {'translate':'item.jmmf.cornflower_tea'}, {'text':'\n \uE361\n\n\n\n\n','font':'jmmf:cookbook','color':'white'}, {'translate':'item.jmmf.cookbook.tea.space_3'}, {'text':'\uF362','font':'jmmf:cookbook','color':'white'}, {'text':' | '}, {'translate':'item.jmmf.dandelion_tea'}, {'text':'\n \uE362','font':'jmmf:cookbook','color':'white'} ]", "['', {'text':'\uF363','font':'jmmf:cookbook','color':'white'}, {'text':' | '}, {'translate':'item.jmmf.green_tea'}, {'text':'\n \uE363\n\n\n\n\n','font':'jmmf:cookbook','color':'white'}, {'translate':'item.jmmf.cookbook.tea.space_4'}, {'text':'\uF364','font':'jmmf:cookbook','color':'white'}, {'text':' | '}, {'translate':'item.jmmf.rose_tea'}, {'text':'\n \uE364','font':'jmmf:cookbook','color':'white'} ]", "['', {'text':'\uF366','font':'jmmf:cookbook','color':'white'}, {'text':' | '}, {'translate':'item.jmmf.sakura_tea'}, {'text':'\n \uE366\n\n\n\n\n','font':'jmmf:cookbook','color':'white'}, {'translate':'item.jmmf.cookbook.tea.space_5'}, {'text':'\uF365','font':'jmmf:cookbook','color':'white'}, {'text':' | '}, {'translate':'item.jmmf.spruce_tea'}, {'text':'\n \uE365\uF902\uE965','font':'jmmf:cookbook','color':'white'} ]", "['', {'text':'\uF372','font':'jmmf:cookbook','color':'white'}, {'text':' | '}, {'translate':'item.jmmf.sunflower_tea'}, {'text':'\n \uE372\n\n\n\n\n','font':'jmmf:cookbook','color':'white'}, {'translate':'item.jmmf.cookbook.tea.space_6'}, {'text':'\uF360','font':'jmmf:cookbook','color':'white'}, {'text':' | '}, {'translate':'item.jmmf.sweet_berry_tea'}, {'text':'\n \uE360','font':'jmmf:cookbook','color':'white'} ]", "['', {'text':'\uF370','font':'jmmf:cookbook','color':'white'}, {'text':' | '}, {'translate':'item.jmmf.black_tea'}, {'text':'\n \uE370','font':'jmmf:cookbook','color':'white'} ]", "['', {'text':'\uF070','font':'jmmf:cookbook','color':'white'}, {'text':' | '}, {'translate':'item.jmmf.cookbook.bread','underlined':true}, {'text':'\n'}, {'translate':'item.jmmf.cookbook.bread.desc','color':'dark_gray'}, {'text':'\n\uF071','font':'jmmf:cookbook','color':'white'}, {'text':' | '}, {'translate':'item.jmmf.beetroot_bread'}, {'text':'\n   \uE071','font':'jmmf:cookbook','color':'white'} ]", "['', {'text':'\uF072','font':'jmmf:cookbook','color':'white'}, {'text':' | '}, {'translate':'item.jmmf.potato_bread'}, {'text':'\n   \uE072\n\n\n\n\n','font':'jmmf:cookbook','color':'white'}, {'translate':'item.jmmf.cookbook.bread.space_1'}, {'text':'\uF070','font':'jmmf:cookbook','color':'white'}, {'text':' | '}, {'translate':'item.jmmf.carrot_bread'}, {'text':'\n   \uE070','font':'jmmf:cookbook','color':'white'} ]", "['', {'text':'\uF073','font':'jmmf:cookbook','color':'white'}, {'text':' | '}, {'translate':'item.jmmf.sweet_roll'}, {'text':'\n   \uE073\n\n\n\n\n','font':'jmmf:cookbook','color':'white'}, {'translate':'item.jmmf.cookbook.bread.space_2'}, {'text':'\uF074','font':'jmmf:cookbook','color':'white'}, {'text':' | '}, {'translate':'item.jmmf.bagel'}, {'text':'\n   \uE074','font':'jmmf:cookbook','color':'white'} ]", "['', {'text':'\uF100','font':'jmmf:cookbook','color':'white'}, {'text':' | '}, {'translate':'item.jmmf.honey_cookie'}, {'text':'\n   \uE100\n\n\n\n\n','font':'jmmf:cookbook','color':'white'}, {'translate':'item.jmmf.cookbook.cookies.space_1'}, {'text':'\uF101','font':'jmmf:cookbook','color':'white'}, {'text':' | '}, {'translate':'item.jmmf.sugar_cookie'}, {'text':'\n   \uE101','font':'jmmf:cookbook','color':'white'} ]", "['', {'text':'\uF102','font':'jmmf:cookbook','color':'white'}, {'text':' | '}, {'translate':'item.jmmf.sweet_berry_cookie','color':'black'}, {'text':'\n   \uE102','font':'jmmf:cookbook','color':'white'} ]", "['', {'text':'\uF132','font':'jmmf:cookbook','color':'white'}, {'text':' | '}, {'translate':'item.jmmf.cookbook.pies','underlined':true}, {'text':'\n'}, {'translate':'item.jmmf.cookbook.pies.desc','color':'dark_gray'}, {'text':'\n\uF003','font':'jmmf:cookbook','color':'white'}, {'text':' | '}, {'translate':'item.jmmf.pie_crust'}, {'text':'\n   \uE003','font':'jmmf:cookbook','color':'white'} ]", "['', {'text':'\uF130','font':'jmmf:cookbook','color':'white'}, {'text':' | '}, {'translate':'item.jmmf.apple_pie'}, {'text':'\n   \uE130\n\n\n\n\n','font':'jmmf:cookbook','color':'white'}, {'translate':'item.jmmf.cookbook.pies.space_1'}, {'text':'\uF131','font':'jmmf:cookbook','color':'white'}, {'text':' | '}, {'translate':'item.jmmf.carrot_pie'}, {'text':'\n   \uE131','font':'jmmf:cookbook','color':'white'} ]", "['', {'text':'\uF132','font':'jmmf:cookbook','color':'white'}, {'text':' | '}, {'translate':'item.jmmf.sweet_berry_pie','color':'black'}, {'text':'\n   \uE132\n\n\n\n\n','font':'jmmf:cookbook','color':'white'}, {'translate':'item.jmmf.cookbook.pies.space_2'}, {'text':'\uF134','font':'jmmf:cookbook','color':'white'}, {'text':' | '}, {'translate':'item.jmmf.shepherds_pie','color':'black'}, {'text':'\n   \uE134','font':'jmmf:cookbook','color':'white'} ]", "['', {'text':'\uF133','font':'jmmf:cookbook','color':'white'}, {'text':' | '}, {'translate':'item.jmmf.chicken_pot_pie','color':'black'}, {'text':'\n \uE133\n\n\n\n\n','font':'jmmf:cookbook','color':'white'}, {'translate':'item.jmmf.cookbook.pies.space_3'}, {'text':'\uF135','font':'jmmf:cookbook','color':'white'}, {'text':' | '}, {'translate':'item.jmmf.pork_pie','color':'black'}, {'text':'\n \uE135','font':'jmmf:cookbook','color':'white'} ]", "['', {'text':'\uF136','font':'jmmf:cookbook','color':'white'}, {'text':' | '}, {'translate':'item.jmmf.steak_pie'}, {'text':'\n \uE136','font':'jmmf:cookbook','color':'white'} ]", "['', {'text':'\uF330','font':'jmmf:cookbook','color':'white'}, {'text':' | '}, {'translate':'item.jmmf.black_forest_doughnut'}, {'text':'\n   \uE330\n\n\n\n\n','font':'jmmf:cookbook','color':'white'}, {'translate':'item.jmmf.cookbook.doughnuts.space_1'}, {'text':'\uF331','font':'jmmf:cookbook','color':'white'}, {'text':' | '}, {'translate':'item.jmmf.chocolate_doughnut'}, {'text':'\n   \uE331','font':'jmmf:cookbook','color':'white'} ]", "['', {'text':'\uF332','font':'jmmf:cookbook','color':'white'}, {'text':' | '}, {'translate':'item.jmmf.sugar_doughnut'}, {'text':'\n   \uE332','font':'jmmf:cookbook','color':'white'} ]", "['', {'text':'\uF160','font':'jmmf:cookbook','color':'white'}, {'text':' | '}, {'translate':'item.jmmf.cookbook.salads','underlined':true}, {'text':'\n'}, {'translate':'item.jmmf.cookbook.salads.desc','color':'dark_gray'}, {'text':'\n\uF164','font':'jmmf:cookbook','color':'white'}, {'text':' | '}, {'translate':'item.jmmf.fruit_salad'}, {'text':'\n   \uE164\n\n\n\n\n','font':'jmmf:cookbook','color':'white'}, {'translate':'item.jmmf.cookbook.fruit_salad.desc','color':'dark_gray'} ]", "['', {'text':'\uF160','font':'jmmf:cookbook','color':'white'}, {'text':' | '}, {'translate':'item.jmmf.coleslaw'}, {'text':'\n   \uE160\n\n\n\n\n','font':'jmmf:cookbook','color':'white'}, {'translate':'item.jmmf.cookbook.salads.space_1'}, {'text':'\uF161','font':'jmmf:cookbook','color':'white'}, {'text':' | '}, {'translate':'item.jmmf.potato_salad'}, {'text':'\n   \uE161','font':'jmmf:cookbook','color':'white'} ]", "['', {'text':'\uF162','font':'jmmf:cookbook','color':'white'}, {'text':' | '}, {'translate':'item.jmmf.vegetable_salad'}, {'text':'\n   \uE162\n\n\n\n\n','font':'jmmf:cookbook','color':'white'}, {'translate':'item.jmmf.cookbook.vegetable_salad.desc','color':'dark_gray'} ]", "['', {'text':'\uF163','font':'jmmf:cookbook','color':'white'}, {'text':' | '}, {'translate':'item.jmmf.fleshy_salad'}, {'text':'\n   \uE163\n\n\n\n\n','font':'jmmf:cookbook','color':'white'}, {'translate':'item.jmmf.cookbook.fleshy_salad.desc','color':'dark_gray'} ]", "['', {'text':'\uF192','font':'jmmf:cookbook','color':'white'}, {'text':' | '}, {'translate':'item.jmmf.cookbook.soups','underlined':true}, {'text':'\n'}, {'translate':'item.jmmf.cookbook.soups.desc','color':'dark_gray'}, {'text':'\n\uF191','font':'jmmf:cookbook','color':'white'}, {'text':' | '}, {'translate':'item.jmmf.bone_broth'}, {'text':'\n \uE191\n\n\n\n\n','font':'jmmf:cookbook','color':'white'}, {'translate':'item.jmmf.cookbook.requires_water','color':'#3F76E4'} ]", "['', {'text':'\uF192','font':'jmmf:cookbook','color':'white'}, {'text':' | '}, {'translate':'item.jmmf.egg_drop_soup'}, {'text':'\n \uE192','font':'jmmf:cookbook','color':'white'} ]", "['', {'text':'\uF190','font':'jmmf:cookbook','color':'white'}, {'text':' | '}, {'translate':'item.jmmf.rotten_stew'}, {'text':'\n \uE190\n\n\n\n\n','font':'jmmf:cookbook','color':'white'}, {'translate':'item.jmmf.cookbook.requires_water','color':'#3F76E4'}, {'text':'\n'}, {'translate':'item.jmmf.cookbook.rotten_stew.desc','color':'dark_gray'} ]", "['', {'text':'\uF220','font':'jmmf:cookbook','color':'white'}, {'text':' | '}, {'translate':'item.jmmf.cookbook.ice_cream','underlined':true}, {'text':'\n'}, {'translate':'item.jmmf.cookbook.ice_cream.desc_1','color':'dark_gray'},{'text':'\n'}, {'translate':'item.jmmf.cookbook.ice_cream.desc_2','color':'#5C6E83'},{'text':'\n'}, {'translate':'item.jmmf.cookbook.ice_cream.desc_3','color':'#494E49'}, {'text':'\n'}, {'text':'\uF222','font':'jmmf:cookbook','color':'white'}, {'text':' | '}, {'translate':'item.jmmf.melon_ice_cream'}, {'text':'\n   \uE222','font':'jmmf:cookbook','color':'white'} ]", "['', {'text':'\uF221','font':'jmmf:cookbook','color':'white'}, {'text':' | '}, {'translate':'item.jmmf.chocolate_ice_cream'}, {'text':'\n   \uE221\n\n\n\n\n','font':'jmmf:cookbook','color':'white'}, {'translate':'item.jmmf.cookbook.ice_cream.space_1'}, {'text':'\uF220','font':'jmmf:cookbook','color':'white'}, {'text':' | '}, {'translate':'item.jmmf.apple_ice_cream'}, {'text':'\n   \uE220','font':'jmmf:cookbook','color':'white'} ]", "['', {'text':'\uF223','font':'jmmf:cookbook','color':'white'}, {'text':' | '}, {'translate':'item.jmmf.pumpkin_ice_cream'}, {'text':'\n   \uE223','font':'jmmf:cookbook','color':'white'} ]", "['', {'text':'\uF250','font':'jmmf:cookbook','color':'white'}, {'text':' | '}, {'translate':'item.jmmf.fish_and_chips'}, {'text':'\n   \uE250\n\n\n\n\n','font':'jmmf:cookbook','color':'white'}, {'translate':'item.jmmf.cookbook.other.space_1'}, {'text':'\uF006','font':'jmmf:cookbook','color':'white'}, {'text':' | '}, {'translate':'item.jmmf.boiled_egg'}, {'text':'\n \uE006\n\n\n\n\n','font':'jmmf:cookbook','color':'white'}, {'translate':'item.jmmf.cookbook.requires_water','color':'#3F76E4'} ]", "['', {'text':'\uF007','font':'jmmf:cookbook','color':'white'}, {'text':' | '}, {'translate':'item.jmmf.fried_egg'}, {'text':'\n \uE007\n\n\n\n\n','font':'jmmf:cookbook','color':'white'}, {'translate':'item.jmmf.cookbook.must_have_no_water','color':'dark_red'}, {'translate':'item.jmmf.cookbook.other.space_2'}, {'text':'\n\uF251','font':'jmmf:cookbook','color':'white'}, {'text':' | '}, {'translate':'item.jmmf.leche_flan'}, {'text':'\n   \uE251','font':'jmmf:cookbook','color':'white'} ]", "['', {'text':'\uF923','font':'jmmf:cookbook','color':'white'}, {'text':' | '}, {'translate':'item.jmmf.cookbook.nutritionbook','underlined':true}, {'text':'\n \uE923\n\n\n\n\n\n','font':'jmmf:cookbook','color':'white'}, {'translate':'item.jmmf.cookbook.nutritionbook.desc','color':'dark_gray'} ]", "['', {'translate':'item.jmmf.cookbook.credits.thanks','underlined':true}, {'translate':'item.jmmf.cookbook.credits.desc_1','color':'dark_gray'}, {'translate':'item.jmmf.cookbook.credits.credits','underlined':true}, {'text':'Bonii','color':'blue','clickEvent':{'action':'open_url','value':'https://twitter.com/ChalkDev'},'hoverEvent':{'action':'show_text','contents':[{'translate':'item.jmmf.cookbook.credits.follow_twitter'}]}}, {'text':', VidiTerraNovum, RenTheMan, Sirenity - ','color':'dark_gray'}, {'translate':'item.jmmf.cookbook.credits.sprites', 'color':'dark_gray'} ]"
        ],
        "generation": 0
      }
    }
  }
]