{"parent":"computercraft:block/turtle_base","textures":{"texture":"computercraft:block/turtle_colour","body_back":"computercraft:block/turtle_colour_body_back","body_backpack":"computercraft:block/turtle_colour_body_backpack","body_bottom":"computercraft:block/turtle_colour_body_bottom","body_front":"computercraft:block/turtle_colour_body_front","body_left":"computercraft:block/turtle_colour_body_left","body_right":"computercraft:block/turtle_colour_body_right","body_top":"computercraft:block/turtle_colour_body_top","frame_back":"computercraft:block/turtle_colour_frame_back","frame_backpack":"computercraft:block/turtle_colour_frame_backpack","frame_bottom":"computercraft:block/turtle_colour_frame_bottom","frame_front":"computercraft:block/turtle_colour_frame_front","frame_left":"computercraft:block/turtle_colour_frame_left","frame_right":"computercraft:block/turtle_colour_frame_right","frame_top":"computercraft:block/turtle_colour_frame_top"},"elements":[{"from":[2,2,2],"to":[14,14,13],"faces":{"down":{"uv":[0,0,12,11],"texture":"#body_bottom","tintindex":1},"up":{"uv":[0,0,12,11],"texture":"#body_top","tintindex":1},"north":{"uv":[0,0,12,12],"texture":"#body_front","tintindex":1},"south":{"uv":[0,0,12,12],"texture":"#body_back","tintindex":1},"west":{"uv":[0,0,11,12],"texture":"#body_left","tintindex":1},"east":{"uv":[0,0,11,12],"texture":"#body_right","tintindex":1}}},{"from":[3,6,13],"to":[13,13,15],"faces":{"down":{"uv":[2,9,12,11],"texture":"#body_backpack","tintindex":1},"up":{"uv":[2,0,12,2],"texture":"#body_backpack","tintindex":1},"south":{"uv":[2,2,12,9],"texture":"#body_backpack","tintindex":1},"west":{"uv":[0,2,2,9],"texture":"#body_backpack","tintindex":1},"east":{"uv":[12,2,14,9],"texture":"#body_backpack","tintindex":1}}},{"from":[2,2,2],"to":[14,14,13],"faces":{"down":{"uv":[0,0,12,11],"texture":"#frame_bottom"},"up":{"uv":[0,0,12,11],"texture":"#frame_top"},"north":{"uv":[0,0,12,12],"texture":"#frame_front"},"south":{"uv":[0,0,12,12],"texture":"#frame_back"},"west":{"uv":[0,0,11,12],"texture":"#frame_left"},"east":{"uv":[0,0,11,12],"texture":"#frame_right"}}},{"from":[3,6,13],"to":[13,13,15],"faces":{"down":{"uv":[2,9,12,11],"texture":"#frame_backpack"},"up":{"uv":[2,0,12,2],"texture":"#frame_backpack"},"south":{"uv":[2,2,12,9],"texture":"#frame_backpack"},"west":{"uv":[0,2,2,9],"texture":"#frame_backpack"},"east":{"uv":[12,2,14,9],"texture":"#frame_backpack"}}}]}