{
    "parent": "block/block",
    "textures": {
      "back": "computercraft:block/turtle_elf_overlay_back",
      "backpack": "computercraft:block/turtle_elf_overlay_backpack",
      "front": "computercraft:block/turtle_elf_overlay_front",
      "left": "computercraft:block/turtle_elf_overlay_left",
      "right": "computercraft:block/turtle_elf_overlay_right",
      "top": "computercraft:block/turtle_elf_overlay_top"
    },
    "elements": [
        {
            "from": [ 2, 2, 2 ],
            "to": [ 14, 14, 13 ],
            "faces": {
                "up": { "uv": [ 0, 0, 12, 11 ], "texture": "#top" },
                "north": { "uv": [ 0, 0, 12, 12 ], "texture": "#front" },
                "south": { "uv": [ 0, 0, 12, 12 ], "texture": "#back" },
                "west": { "uv": [ 0, 0, 11, 12 ], "texture": "#left" },
                "east": { "uv": [ 0, 0, 11, 12 ], "texture": "#right" }
            }
        },
        {
            "from": [ 3, 6, 13 ],
            "to": [ 13, 13, 15 ],
            "faces": {
                "down": { "uv": [ 2, 9, 12, 11 ], "texture": "#backpack" },
                "up": { "uv": [ 2, 0, 12, 2 ], "texture": "#backpack" },
                "south": { "uv": [ 2, 2, 12, 9 ], "texture": "#backpack" },
                "west": { "uv": [ 0, 2, 2, 9 ], "texture": "#backpack" },
                "east": { "uv": [ 12, 2, 14, 9 ], "texture": "#backpack" }
            }
        }
    ]
  }
