{"textures":{"0":"bil:item/showmaster/showmaster","particle":"bil:item/showmaster/showmaster"},"elements":[{"from":[4.0,8.0,4.0],"to":[12.0,18.0,12.0],"faces":{"up":{"texture":"#0","tintindex":0,"uv":[2.0,3.375,1.0,2.375]},"west":{"texture":"#0","tintindex":0,"uv":[2.0,3.375,3.0,4.625]},"east":{"texture":"#0","tintindex":0,"uv":[0.0,3.375,1.0,4.625]},"south":{"texture":"#0","tintindex":0,"uv":[3.0,3.375,4.0,4.625]},"down":{"texture":"#0","tintindex":0,"uv":[3.0,2.375,2.0,3.375]},"north":{"texture":"#0","tintindex":0,"uv":[1.0,3.375,2.0,4.625]}},"rotation":{"axis":"y","angle":0.0,"origin":[8.0,-16.0,8.0]}},{"from":[7.0,7.0,2.0],"to":[9.0,11.0,4.0],"faces":{"up":{"texture":"#0","tintindex":0,"uv":[4.5,6.875,4.25,6.625]},"west":{"texture":"#0","tintindex":0,"uv":[4.5,6.875,4.75,7.375]},"east":{"texture":"#0","tintindex":0,"uv":[4.0,6.875,4.25,7.375]},"south":{"texture":"#0","tintindex":0,"uv":[4.75,6.875,5.0,7.375]},"down":{"texture":"#0","tintindex":0,"uv":[4.75,6.625,4.5,6.875]},"north":{"texture":"#0","tintindex":0,"uv":[4.25,6.875,4.5,7.375]}},"rotation":{"axis":"y","angle":0.0,"origin":[8.0,-16.0,8.0]}}],"display":{"head":{"rotation":[0.0,180.0,0.0]}}}