{   
    "parent": "jmmf:story/cookbook",
    "display": {
        "icon":{
            "id": "minecraft:written_book",
            "components": {"custom_model_data":480923}
        },
        "title":
        {
          "translate": "advancements.jmmf.nutritionbook.title"
        },
        "description": 
        {
          "translate": "advancements.jmmf.nutritionbook.description"
        },
        "hidden": false,
        "frame": "goal"
    },
    "criteria": {
      "get_cookbook": {
          "trigger": "minecraft:inventory_changed",
          "conditions": {
            "items": [
              {"predicates":{"minecraft:custom_data":{"smithed":{"id": "jmmf:nutritionbook"}}}}
            ]
          }
        }
      }
    
}