{   
    "parent": "jmmf:story/letsgetcooking",
    "display": {
        "icon":{
            "id": "minecraft:wheat",
            "components": {"custom_model_data":481001}
        },
        "title": {
          "translate": "advancements.jmmf.ricemaking.title"
        },
        "description": {
          "translate": "advancements.jmmf.ricemaking.description"
        },
        "hidden": false
    },
    "criteria": {
      "get_rice": {
          "trigger": "minecraft:inventory_changed",
          "conditions": {
            "items": [
              {"predicates":{"minecraft:custom_data":{"smithed":{"id": "jmmf:rice"}}}}
            ]
          }
        }
      }
    
}