{"providers":[{"type":"space","advances":{"Ā":-11}},{"type":"bitmap","file":"minecraft:gen/fluids_10/lava/0.png","ascent":-54,"height":1,"chars":["ā"]},{"type":"bitmap","file":"minecraft:gen/fluids_10/lava/1.png","ascent":-53,"height":1,"chars":["Ă"]},{"type":"bitmap","file":"minecraft:gen/fluids_10/lava/2.png","ascent":-52,"height":1,"chars":["ă"]},{"type":"bitmap","file":"minecraft:gen/fluids_10/lava/3.png","ascent":-51,"height":1,"chars":["Ą"]},{"type":"bitmap","file":"minecraft:gen/fluids_10/lava/4.png","ascent":-50,"height":1,"chars":["ą"]},{"type":"bitmap","file":"minecraft:gen/fluids_10/lava/5.png","ascent":-49,"height":1,"chars":["Ć"]},{"type":"bitmap","file":"minecraft:gen/fluids_10/lava/6.png","ascent":-48,"height":1,"chars":["ć"]},{"type":"bitmap","file":"minecraft:gen/fluids_10/lava/7.png","ascent":-47,"height":1,"chars":["Ĉ"]},{"type":"bitmap","file":"minecraft:gen/fluids_10/lava/8.png","ascent":-46,"height":1,"chars":["ĉ"]},{"type":"bitmap","file":"minecraft:gen/fluids_10/lava/9.png","ascent":-45,"height":1,"chars":["Ċ"]},{"type":"bitmap","file":"minecraft:gen/fluids_10/lava/10.png","ascent":-44,"height":1,"chars":["ċ"]},{"type":"bitmap","file":"minecraft:gen/fluids_10/lava/11.png","ascent":-43,"height":1,"chars":["Č"]},{"type":"bitmap","file":"minecraft:gen/fluids_10/lava/12.png","ascent":-42,"height":1,"chars":["č"]},{"type":"bitmap","file":"minecraft:gen/fluids_10/lava/13.png","ascent":-41,"height":1,"chars":["Ď"]},{"type":"bitmap","file":"minecraft:gen/fluids_10/lava/14.png","ascent":-40,"height":1,"chars":["ď"]},{"type":"bitmap","file":"minecraft:gen/fluids_10/lava/15.png","ascent":-39,"height":1,"chars":["Đ"]},{"type":"bitmap","file":"minecraft:gen/fluids_10/lava/0.png","ascent":-38,"height":1,"chars":["đ"]},{"type":"bitmap","file":"minecraft:gen/fluids_10/lava/1.png","ascent":-37,"height":1,"chars":["Ē"]},{"type":"bitmap","file":"minecraft:gen/fluids_10/lava/2.png","ascent":-36,"height":1,"chars":["ē"]},{"type":"bitmap","file":"minecraft:gen/fluids_10/lava/3.png","ascent":-35,"height":1,"chars":["Ĕ"]},{"type":"bitmap","file":"minecraft:gen/fluids_10/lava/4.png","ascent":-34,"height":1,"chars":["ĕ"]},{"type":"bitmap","file":"minecraft:gen/fluids_10/lava/5.png","ascent":-33,"height":1,"chars":["Ė"]},{"type":"bitmap","file":"minecraft:gen/fluids_10/lava/6.png","ascent":-32,"height":1,"chars":["ė"]},{"type":"bitmap","file":"minecraft:gen/fluids_10/lava/7.png","ascent":-31,"height":1,"chars":["Ę"]},{"type":"bitmap","file":"minecraft:gen/fluids_10/lava/8.png","ascent":-30,"height":1,"chars":["ę"]},{"type":"bitmap","file":"minecraft:gen/fluids_10/lava/9.png","ascent":-29,"height":1,"chars":["Ě"]},{"type":"bitmap","file":"minecraft:gen/fluids_10/lava/10.png","ascent":-28,"height":1,"chars":["ě"]},{"type":"bitmap","file":"minecraft:gen/fluids_10/lava/11.png","ascent":-27,"height":1,"chars":["Ĝ"]},{"type":"bitmap","file":"minecraft:gen/fluids_10/lava/12.png","ascent":-26,"height":1,"chars":["ĝ"]},{"type":"bitmap","file":"minecraft:gen/fluids_10/lava/13.png","ascent":-25,"height":1,"chars":["Ğ"]},{"type":"bitmap","file":"minecraft:gen/fluids_10/lava/14.png","ascent":-24,"height":1,"chars":["ğ"]},{"type":"bitmap","file":"minecraft:gen/fluids_10/lava/15.png","ascent":-23,"height":1,"chars":["Ġ"]},{"type":"bitmap","file":"minecraft:gen/fluids_10/lava/0.png","ascent":-22,"height":1,"chars":["ġ"]},{"type":"bitmap","file":"minecraft:gen/fluids_10/lava/1.png","ascent":-21,"height":1,"chars":["Ģ"]},{"type":"bitmap","file":"minecraft:gen/fluids_10/lava/2.png","ascent":-20,"height":1,"chars":["ģ"]},{"type":"bitmap","file":"minecraft:gen/fluids_10/lava/3.png","ascent":-19,"height":1,"chars":["Ĥ"]},{"type":"bitmap","file":"minecraft:gen/fluids_10/lava/4.png","ascent":-18,"height":1,"chars":["ĥ"]},{"type":"bitmap","file":"minecraft:gen/fluids_10/lava/5.png","ascent":-17,"height":1,"chars":["Ħ"]},{"type":"bitmap","file":"minecraft:gen/fluids_10/lava/6.png","ascent":-16,"height":1,"chars":["ħ"]},{"type":"bitmap","file":"minecraft:gen/fluids_10/lava/7.png","ascent":-15,"height":1,"chars":["Ĩ"]},{"type":"bitmap","file":"minecraft:gen/fluids_10/lava/8.png","ascent":-14,"height":1,"chars":["ĩ"]},{"type":"bitmap","file":"minecraft:gen/fluids_10/lava/9.png","ascent":-13,"height":1,"chars":["Ī"]},{"type":"bitmap","file":"minecraft:gen/fluids_10/lava/10.png","ascent":-12,"height":1,"chars":["ī"]},{"type":"bitmap","file":"minecraft:gen/fluids_10/lava/11.png","ascent":-11,"height":1,"chars":["Ĭ"]},{"type":"bitmap","file":"minecraft:gen/fluids_10/lava/12.png","ascent":-10,"height":1,"chars":["ĭ"]},{"type":"bitmap","file":"minecraft:gen/fluids_10/lava/13.png","ascent":-9,"height":1,"chars":["Į"]},{"type":"bitmap","file":"minecraft:gen/fluids_10/lava/14.png","ascent":-8,"height":1,"chars":["į"]},{"type":"bitmap","file":"minecraft:gen/fluids_10/lava/15.png","ascent":-7,"height":1,"chars":["İ"]},{"type":"bitmap","file":"minecraft:gen/fluids_10/honey/0.png","ascent":-54,"height":1,"chars":["ı"]},{"type":"bitmap","file":"minecraft:gen/fluids_10/honey/1.png","ascent":-53,"height":1,"chars":["Ĳ"]},{"type":"bitmap","file":"minecraft:gen/fluids_10/honey/2.png","ascent":-52,"height":1,"chars":["ĳ"]},{"type":"bitmap","file":"minecraft:gen/fluids_10/honey/3.png","ascent":-51,"height":1,"chars":["Ĵ"]},{"type":"bitmap","file":"minecraft:gen/fluids_10/honey/4.png","ascent":-50,"height":1,"chars":["ĵ"]},{"type":"bitmap","file":"minecraft:gen/fluids_10/honey/5.png","ascent":-49,"height":1,"chars":["Ķ"]},{"type":"bitmap","file":"minecraft:gen/fluids_10/honey/6.png","ascent":-48,"height":1,"chars":["ķ"]},{"type":"bitmap","file":"minecraft:gen/fluids_10/honey/7.png","ascent":-47,"height":1,"chars":["ĸ"]},{"type":"bitmap","file":"minecraft:gen/fluids_10/honey/8.png","ascent":-46,"height":1,"chars":["Ĺ"]},{"type":"bitmap","file":"minecraft:gen/fluids_10/honey/9.png","ascent":-45,"height":1,"chars":["ĺ"]},{"type":"bitmap","file":"minecraft:gen/fluids_10/honey/10.png","ascent":-44,"height":1,"chars":["Ļ"]},{"type":"bitmap","file":"minecraft:gen/fluids_10/honey/11.png","ascent":-43,"height":1,"chars":["ļ"]},{"type":"bitmap","file":"minecraft:gen/fluids_10/honey/12.png","ascent":-42,"height":1,"chars":["Ľ"]},{"type":"bitmap","file":"minecraft:gen/fluids_10/honey/13.png","ascent":-41,"height":1,"chars":["ľ"]},{"type":"bitmap","file":"minecraft:gen/fluids_10/honey/14.png","ascent":-40,"height":1,"chars":["Ŀ"]},{"type":"bitmap","file":"minecraft:gen/fluids_10/honey/15.png","ascent":-39,"height":1,"chars":["ŀ"]},{"type":"bitmap","file":"minecraft:gen/fluids_10/honey/0.png","ascent":-38,"height":1,"chars":["Ł"]},{"type":"bitmap","file":"minecraft:gen/fluids_10/honey/1.png","ascent":-37,"height":1,"chars":["ł"]},{"type":"bitmap","file":"minecraft:gen/fluids_10/honey/2.png","ascent":-36,"height":1,"chars":["Ń"]},{"type":"bitmap","file":"minecraft:gen/fluids_10/honey/3.png","ascent":-35,"height":1,"chars":["ń"]},{"type":"bitmap","file":"minecraft:gen/fluids_10/honey/4.png","ascent":-34,"height":1,"chars":["Ņ"]},{"type":"bitmap","file":"minecraft:gen/fluids_10/honey/5.png","ascent":-33,"height":1,"chars":["ņ"]},{"type":"bitmap","file":"minecraft:gen/fluids_10/honey/6.png","ascent":-32,"height":1,"chars":["Ň"]},{"type":"bitmap","file":"minecraft:gen/fluids_10/honey/7.png","ascent":-31,"height":1,"chars":["ň"]},{"type":"bitmap","file":"minecraft:gen/fluids_10/honey/8.png","ascent":-30,"height":1,"chars":["ŉ"]},{"type":"bitmap","file":"minecraft:gen/fluids_10/honey/9.png","ascent":-29,"height":1,"chars":["Ŋ"]},{"type":"bitmap","file":"minecraft:gen/fluids_10/honey/10.png","ascent":-28,"height":1,"chars":["ŋ"]},{"type":"bitmap","file":"minecraft:gen/fluids_10/honey/11.png","ascent":-27,"height":1,"chars":["Ō"]},{"type":"bitmap","file":"minecraft:gen/fluids_10/honey/12.png","ascent":-26,"height":1,"chars":["ō"]},{"type":"bitmap","file":"minecraft:gen/fluids_10/honey/13.png","ascent":-25,"height":1,"chars":["Ŏ"]},{"type":"bitmap","file":"minecraft:gen/fluids_10/honey/14.png","ascent":-24,"height":1,"chars":["ŏ"]},{"type":"bitmap","file":"minecraft:gen/fluids_10/honey/15.png","ascent":-23,"height":1,"chars":["Ő"]},{"type":"bitmap","file":"minecraft:gen/fluids_10/honey/0.png","ascent":-22,"height":1,"chars":["ő"]},{"type":"bitmap","file":"minecraft:gen/fluids_10/honey/1.png","ascent":-21,"height":1,"chars":["Œ"]},{"type":"bitmap","file":"minecraft:gen/fluids_10/honey/2.png","ascent":-20,"height":1,"chars":["œ"]},{"type":"bitmap","file":"minecraft:gen/fluids_10/honey/3.png","ascent":-19,"height":1,"chars":["Ŕ"]},{"type":"bitmap","file":"minecraft:gen/fluids_10/honey/4.png","ascent":-18,"height":1,"chars":["ŕ"]},{"type":"bitmap","file":"minecraft:gen/fluids_10/honey/5.png","ascent":-17,"height":1,"chars":["Ŗ"]},{"type":"bitmap","file":"minecraft:gen/fluids_10/honey/6.png","ascent":-16,"height":1,"chars":["ŗ"]},{"type":"bitmap","file":"minecraft:gen/fluids_10/honey/7.png","ascent":-15,"height":1,"chars":["Ř"]},{"type":"bitmap","file":"minecraft:gen/fluids_10/honey/8.png","ascent":-14,"height":1,"chars":["ř"]},{"type":"bitmap","file":"minecraft:gen/fluids_10/honey/9.png","ascent":-13,"height":1,"chars":["Ś"]},{"type":"bitmap","file":"minecraft:gen/fluids_10/honey/10.png","ascent":-12,"height":1,"chars":["ś"]},{"type":"bitmap","file":"minecraft:gen/fluids_10/honey/11.png","ascent":-11,"height":1,"chars":["Ŝ"]},{"type":"bitmap","file":"minecraft:gen/fluids_10/honey/12.png","ascent":-10,"height":1,"chars":["ŝ"]},{"type":"bitmap","file":"minecraft:gen/fluids_10/honey/13.png","ascent":-9,"height":1,"chars":["Ş"]},{"type":"bitmap","file":"minecraft:gen/fluids_10/honey/14.png","ascent":-8,"height":1,"chars":["ş"]},{"type":"bitmap","file":"minecraft:gen/fluids_10/honey/15.png","ascent":-7,"height":1,"chars":["Š"]},{"type":"bitmap","file":"minecraft:gen/fluids_10/snow/0.png","ascent":-54,"height":1,"chars":["š"]},{"type":"bitmap","file":"minecraft:gen/fluids_10/snow/1.png","ascent":-53,"height":1,"chars":["Ţ"]},{"type":"bitmap","file":"minecraft:gen/fluids_10/snow/2.png","ascent":-52,"height":1,"chars":["ţ"]},{"type":"bitmap","file":"minecraft:gen/fluids_10/snow/3.png","ascent":-51,"height":1,"chars":["Ť"]},{"type":"bitmap","file":"minecraft:gen/fluids_10/snow/4.png","ascent":-50,"height":1,"chars":["ť"]},{"type":"bitmap","file":"minecraft:gen/fluids_10/snow/5.png","ascent":-49,"height":1,"chars":["Ŧ"]},{"type":"bitmap","file":"minecraft:gen/fluids_10/snow/6.png","ascent":-48,"height":1,"chars":["ŧ"]},{"type":"bitmap","file":"minecraft:gen/fluids_10/snow/7.png","ascent":-47,"height":1,"chars":["Ũ"]},{"type":"bitmap","file":"minecraft:gen/fluids_10/snow/8.png","ascent":-46,"height":1,"chars":["ũ"]},{"type":"bitmap","file":"minecraft:gen/fluids_10/snow/9.png","ascent":-45,"height":1,"chars":["Ū"]},{"type":"bitmap","file":"minecraft:gen/fluids_10/snow/10.png","ascent":-44,"height":1,"chars":["ū"]},{"type":"bitmap","file":"minecraft:gen/fluids_10/snow/11.png","ascent":-43,"height":1,"chars":["Ŭ"]},{"type":"bitmap","file":"minecraft:gen/fluids_10/snow/12.png","ascent":-42,"height":1,"chars":["ŭ"]},{"type":"bitmap","file":"minecraft:gen/fluids_10/snow/13.png","ascent":-41,"height":1,"chars":["Ů"]},{"type":"bitmap","file":"minecraft:gen/fluids_10/snow/14.png","ascent":-40,"height":1,"chars":["ů"]},{"type":"bitmap","file":"minecraft:gen/fluids_10/snow/15.png","ascent":-39,"height":1,"chars":["Ű"]},{"type":"bitmap","file":"minecraft:gen/fluids_10/snow/0.png","ascent":-38,"height":1,"chars":["ű"]},{"type":"bitmap","file":"minecraft:gen/fluids_10/snow/1.png","ascent":-37,"height":1,"chars":["Ų"]},{"type":"bitmap","file":"minecraft:gen/fluids_10/snow/2.png","ascent":-36,"height":1,"chars":["ų"]},{"type":"bitmap","file":"minecraft:gen/fluids_10/snow/3.png","ascent":-35,"height":1,"chars":["Ŵ"]},{"type":"bitmap","file":"minecraft:gen/fluids_10/snow/4.png","ascent":-34,"height":1,"chars":["ŵ"]},{"type":"bitmap","file":"minecraft:gen/fluids_10/snow/5.png","ascent":-33,"height":1,"chars":["Ŷ"]},{"type":"bitmap","file":"minecraft:gen/fluids_10/snow/6.png","ascent":-32,"height":1,"chars":["ŷ"]},{"type":"bitmap","file":"minecraft:gen/fluids_10/snow/7.png","ascent":-31,"height":1,"chars":["Ÿ"]},{"type":"bitmap","file":"minecraft:gen/fluids_10/snow/8.png","ascent":-30,"height":1,"chars":["Ź"]},{"type":"bitmap","file":"minecraft:gen/fluids_10/snow/9.png","ascent":-29,"height":1,"chars":["ź"]},{"type":"bitmap","file":"minecraft:gen/fluids_10/snow/10.png","ascent":-28,"height":1,"chars":["Ż"]},{"type":"bitmap","file":"minecraft:gen/fluids_10/snow/11.png","ascent":-27,"height":1,"chars":["ż"]},{"type":"bitmap","file":"minecraft:gen/fluids_10/snow/12.png","ascent":-26,"height":1,"chars":["Ž"]},{"type":"bitmap","file":"minecraft:gen/fluids_10/snow/13.png","ascent":-25,"height":1,"chars":["ž"]},{"type":"bitmap","file":"minecraft:gen/fluids_10/snow/14.png","ascent":-24,"height":1,"chars":["ſ"]},{"type":"bitmap","file":"minecraft:gen/fluids_10/snow/15.png","ascent":-23,"height":1,"chars":["ƀ"]},{"type":"bitmap","file":"minecraft:gen/fluids_10/snow/0.png","ascent":-22,"height":1,"chars":["Ɓ"]},{"type":"bitmap","file":"minecraft:gen/fluids_10/snow/1.png","ascent":-21,"height":1,"chars":["Ƃ"]},{"type":"bitmap","file":"minecraft:gen/fluids_10/snow/2.png","ascent":-20,"height":1,"chars":["ƃ"]},{"type":"bitmap","file":"minecraft:gen/fluids_10/snow/3.png","ascent":-19,"height":1,"chars":["Ƅ"]},{"type":"bitmap","file":"minecraft:gen/fluids_10/snow/4.png","ascent":-18,"height":1,"chars":["ƅ"]},{"type":"bitmap","file":"minecraft:gen/fluids_10/snow/5.png","ascent":-17,"height":1,"chars":["Ɔ"]},{"type":"bitmap","file":"minecraft:gen/fluids_10/snow/6.png","ascent":-16,"height":1,"chars":["Ƈ"]},{"type":"bitmap","file":"minecraft:gen/fluids_10/snow/7.png","ascent":-15,"height":1,"chars":["ƈ"]},{"type":"bitmap","file":"minecraft:gen/fluids_10/snow/8.png","ascent":-14,"height":1,"chars":["Ɖ"]},{"type":"bitmap","file":"minecraft:gen/fluids_10/snow/9.png","ascent":-13,"height":1,"chars":["Ɗ"]},{"type":"bitmap","file":"minecraft:gen/fluids_10/snow/10.png","ascent":-12,"height":1,"chars":["Ƌ"]},{"type":"bitmap","file":"minecraft:gen/fluids_10/snow/11.png","ascent":-11,"height":1,"chars":["ƌ"]},{"type":"bitmap","file":"minecraft:gen/fluids_10/snow/12.png","ascent":-10,"height":1,"chars":["ƍ"]},{"type":"bitmap","file":"minecraft:gen/fluids_10/snow/13.png","ascent":-9,"height":1,"chars":["Ǝ"]},{"type":"bitmap","file":"minecraft:gen/fluids_10/snow/14.png","ascent":-8,"height":1,"chars":["Ə"]},{"type":"bitmap","file":"minecraft:gen/fluids_10/snow/15.png","ascent":-7,"height":1,"chars":["Ɛ"]},{"type":"bitmap","file":"minecraft:gen/fluids_10/slime/0.png","ascent":-54,"height":1,"chars":["Ƒ"]},{"type":"bitmap","file":"minecraft:gen/fluids_10/slime/1.png","ascent":-53,"height":1,"chars":["ƒ"]},{"type":"bitmap","file":"minecraft:gen/fluids_10/slime/2.png","ascent":-52,"height":1,"chars":["Ɠ"]},{"type":"bitmap","file":"minecraft:gen/fluids_10/slime/3.png","ascent":-51,"height":1,"chars":["Ɣ"]},{"type":"bitmap","file":"minecraft:gen/fluids_10/slime/4.png","ascent":-50,"height":1,"chars":["ƕ"]},{"type":"bitmap","file":"minecraft:gen/fluids_10/slime/5.png","ascent":-49,"height":1,"chars":["Ɩ"]},{"type":"bitmap","file":"minecraft:gen/fluids_10/slime/6.png","ascent":-48,"height":1,"chars":["Ɨ"]},{"type":"bitmap","file":"minecraft:gen/fluids_10/slime/7.png","ascent":-47,"height":1,"chars":["Ƙ"]},{"type":"bitmap","file":"minecraft:gen/fluids_10/slime/8.png","ascent":-46,"height":1,"chars":["ƙ"]},{"type":"bitmap","file":"minecraft:gen/fluids_10/slime/9.png","ascent":-45,"height":1,"chars":["ƚ"]},{"type":"bitmap","file":"minecraft:gen/fluids_10/slime/10.png","ascent":-44,"height":1,"chars":["ƛ"]},{"type":"bitmap","file":"minecraft:gen/fluids_10/slime/11.png","ascent":-43,"height":1,"chars":["Ɯ"]},{"type":"bitmap","file":"minecraft:gen/fluids_10/slime/12.png","ascent":-42,"height":1,"chars":["Ɲ"]},{"type":"bitmap","file":"minecraft:gen/fluids_10/slime/13.png","ascent":-41,"height":1,"chars":["ƞ"]},{"type":"bitmap","file":"minecraft:gen/fluids_10/slime/14.png","ascent":-40,"height":1,"chars":["Ɵ"]},{"type":"bitmap","file":"minecraft:gen/fluids_10/slime/15.png","ascent":-39,"height":1,"chars":["Ơ"]},{"type":"bitmap","file":"minecraft:gen/fluids_10/slime/0.png","ascent":-38,"height":1,"chars":["ơ"]},{"type":"bitmap","file":"minecraft:gen/fluids_10/slime/1.png","ascent":-37,"height":1,"chars":["Ƣ"]},{"type":"bitmap","file":"minecraft:gen/fluids_10/slime/2.png","ascent":-36,"height":1,"chars":["ƣ"]},{"type":"bitmap","file":"minecraft:gen/fluids_10/slime/3.png","ascent":-35,"height":1,"chars":["Ƥ"]},{"type":"bitmap","file":"minecraft:gen/fluids_10/slime/4.png","ascent":-34,"height":1,"chars":["ƥ"]},{"type":"bitmap","file":"minecraft:gen/fluids_10/slime/5.png","ascent":-33,"height":1,"chars":["Ʀ"]},{"type":"bitmap","file":"minecraft:gen/fluids_10/slime/6.png","ascent":-32,"height":1,"chars":["Ƨ"]},{"type":"bitmap","file":"minecraft:gen/fluids_10/slime/7.png","ascent":-31,"height":1,"chars":["ƨ"]},{"type":"bitmap","file":"minecraft:gen/fluids_10/slime/8.png","ascent":-30,"height":1,"chars":["Ʃ"]},{"type":"bitmap","file":"minecraft:gen/fluids_10/slime/9.png","ascent":-29,"height":1,"chars":["ƪ"]},{"type":"bitmap","file":"minecraft:gen/fluids_10/slime/10.png","ascent":-28,"height":1,"chars":["ƫ"]},{"type":"bitmap","file":"minecraft:gen/fluids_10/slime/11.png","ascent":-27,"height":1,"chars":["Ƭ"]},{"type":"bitmap","file":"minecraft:gen/fluids_10/slime/12.png","ascent":-26,"height":1,"chars":["ƭ"]},{"type":"bitmap","file":"minecraft:gen/fluids_10/slime/13.png","ascent":-25,"height":1,"chars":["Ʈ"]},{"type":"bitmap","file":"minecraft:gen/fluids_10/slime/14.png","ascent":-24,"height":1,"chars":["Ư"]},{"type":"bitmap","file":"minecraft:gen/fluids_10/slime/15.png","ascent":-23,"height":1,"chars":["ư"]},{"type":"bitmap","file":"minecraft:gen/fluids_10/slime/0.png","ascent":-22,"height":1,"chars":["Ʊ"]},{"type":"bitmap","file":"minecraft:gen/fluids_10/slime/1.png","ascent":-21,"height":1,"chars":["Ʋ"]},{"type":"bitmap","file":"minecraft:gen/fluids_10/slime/2.png","ascent":-20,"height":1,"chars":["Ƴ"]},{"type":"bitmap","file":"minecraft:gen/fluids_10/slime/3.png","ascent":-19,"height":1,"chars":["ƴ"]},{"type":"bitmap","file":"minecraft:gen/fluids_10/slime/4.png","ascent":-18,"height":1,"chars":["Ƶ"]},{"type":"bitmap","file":"minecraft:gen/fluids_10/slime/5.png","ascent":-17,"height":1,"chars":["ƶ"]},{"type":"bitmap","file":"minecraft:gen/fluids_10/slime/6.png","ascent":-16,"height":1,"chars":["Ʒ"]},{"type":"bitmap","file":"minecraft:gen/fluids_10/slime/7.png","ascent":-15,"height":1,"chars":["Ƹ"]},{"type":"bitmap","file":"minecraft:gen/fluids_10/slime/8.png","ascent":-14,"height":1,"chars":["ƹ"]},{"type":"bitmap","file":"minecraft:gen/fluids_10/slime/9.png","ascent":-13,"height":1,"chars":["ƺ"]},{"type":"bitmap","file":"minecraft:gen/fluids_10/slime/10.png","ascent":-12,"height":1,"chars":["ƻ"]},{"type":"bitmap","file":"minecraft:gen/fluids_10/slime/11.png","ascent":-11,"height":1,"chars":["Ƽ"]},{"type":"bitmap","file":"minecraft:gen/fluids_10/slime/12.png","ascent":-10,"height":1,"chars":["ƽ"]},{"type":"bitmap","file":"minecraft:gen/fluids_10/slime/13.png","ascent":-9,"height":1,"chars":["ƾ"]},{"type":"bitmap","file":"minecraft:gen/fluids_10/slime/14.png","ascent":-8,"height":1,"chars":["ƿ"]},{"type":"bitmap","file":"minecraft:gen/fluids_10/slime/15.png","ascent":-7,"height":1,"chars":["ǀ"]},{"type":"bitmap","file":"minecraft:gen/fluids_10/potion/0.png","ascent":-54,"height":1,"chars":["ǁ"]},{"type":"bitmap","file":"minecraft:gen/fluids_10/potion/1.png","ascent":-53,"height":1,"chars":["ǂ"]},{"type":"bitmap","file":"minecraft:gen/fluids_10/potion/2.png","ascent":-52,"height":1,"chars":["ǃ"]},{"type":"bitmap","file":"minecraft:gen/fluids_10/potion/3.png","ascent":-51,"height":1,"chars":["Ǆ"]},{"type":"bitmap","file":"minecraft:gen/fluids_10/potion/4.png","ascent":-50,"height":1,"chars":["ǅ"]},{"type":"bitmap","file":"minecraft:gen/fluids_10/potion/5.png","ascent":-49,"height":1,"chars":["ǆ"]},{"type":"bitmap","file":"minecraft:gen/fluids_10/potion/6.png","ascent":-48,"height":1,"chars":["Ǉ"]},{"type":"bitmap","file":"minecraft:gen/fluids_10/potion/7.png","ascent":-47,"height":1,"chars":["ǈ"]},{"type":"bitmap","file":"minecraft:gen/fluids_10/potion/8.png","ascent":-46,"height":1,"chars":["ǉ"]},{"type":"bitmap","file":"minecraft:gen/fluids_10/potion/9.png","ascent":-45,"height":1,"chars":["Ǌ"]},{"type":"bitmap","file":"minecraft:gen/fluids_10/potion/10.png","ascent":-44,"height":1,"chars":["ǋ"]},{"type":"bitmap","file":"minecraft:gen/fluids_10/potion/11.png","ascent":-43,"height":1,"chars":["ǌ"]},{"type":"bitmap","file":"minecraft:gen/fluids_10/potion/12.png","ascent":-42,"height":1,"chars":["Ǎ"]},{"type":"bitmap","file":"minecraft:gen/fluids_10/potion/13.png","ascent":-41,"height":1,"chars":["ǎ"]},{"type":"bitmap","file":"minecraft:gen/fluids_10/potion/14.png","ascent":-40,"height":1,"chars":["Ǐ"]},{"type":"bitmap","file":"minecraft:gen/fluids_10/potion/15.png","ascent":-39,"height":1,"chars":["ǐ"]},{"type":"bitmap","file":"minecraft:gen/fluids_10/potion/0.png","ascent":-38,"height":1,"chars":["Ǒ"]},{"type":"bitmap","file":"minecraft:gen/fluids_10/potion/1.png","ascent":-37,"height":1,"chars":["ǒ"]},{"type":"bitmap","file":"minecraft:gen/fluids_10/potion/2.png","ascent":-36,"height":1,"chars":["Ǔ"]},{"type":"bitmap","file":"minecraft:gen/fluids_10/potion/3.png","ascent":-35,"height":1,"chars":["ǔ"]},{"type":"bitmap","file":"minecraft:gen/fluids_10/potion/4.png","ascent":-34,"height":1,"chars":["Ǖ"]},{"type":"bitmap","file":"minecraft:gen/fluids_10/potion/5.png","ascent":-33,"height":1,"chars":["ǖ"]},{"type":"bitmap","file":"minecraft:gen/fluids_10/potion/6.png","ascent":-32,"height":1,"chars":["Ǘ"]},{"type":"bitmap","file":"minecraft:gen/fluids_10/potion/7.png","ascent":-31,"height":1,"chars":["ǘ"]},{"type":"bitmap","file":"minecraft:gen/fluids_10/potion/8.png","ascent":-30,"height":1,"chars":["Ǚ"]},{"type":"bitmap","file":"minecraft:gen/fluids_10/potion/9.png","ascent":-29,"height":1,"chars":["ǚ"]},{"type":"bitmap","file":"minecraft:gen/fluids_10/potion/10.png","ascent":-28,"height":1,"chars":["Ǜ"]},{"type":"bitmap","file":"minecraft:gen/fluids_10/potion/11.png","ascent":-27,"height":1,"chars":["ǜ"]},{"type":"bitmap","file":"minecraft:gen/fluids_10/potion/12.png","ascent":-26,"height":1,"chars":["ǝ"]},{"type":"bitmap","file":"minecraft:gen/fluids_10/potion/13.png","ascent":-25,"height":1,"chars":["Ǟ"]},{"type":"bitmap","file":"minecraft:gen/fluids_10/potion/14.png","ascent":-24,"height":1,"chars":["ǟ"]},{"type":"bitmap","file":"minecraft:gen/fluids_10/potion/15.png","ascent":-23,"height":1,"chars":["Ǡ"]},{"type":"bitmap","file":"minecraft:gen/fluids_10/potion/0.png","ascent":-22,"height":1,"chars":["ǡ"]},{"type":"bitmap","file":"minecraft:gen/fluids_10/potion/1.png","ascent":-21,"height":1,"chars":["Ǣ"]},{"type":"bitmap","file":"minecraft:gen/fluids_10/potion/2.png","ascent":-20,"height":1,"chars":["ǣ"]},{"type":"bitmap","file":"minecraft:gen/fluids_10/potion/3.png","ascent":-19,"height":1,"chars":["Ǥ"]},{"type":"bitmap","file":"minecraft:gen/fluids_10/potion/4.png","ascent":-18,"height":1,"chars":["ǥ"]},{"type":"bitmap","file":"minecraft:gen/fluids_10/potion/5.png","ascent":-17,"height":1,"chars":["Ǧ"]},{"type":"bitmap","file":"minecraft:gen/fluids_10/potion/6.png","ascent":-16,"height":1,"chars":["ǧ"]},{"type":"bitmap","file":"minecraft:gen/fluids_10/potion/7.png","ascent":-15,"height":1,"chars":["Ǩ"]},{"type":"bitmap","file":"minecraft:gen/fluids_10/potion/8.png","ascent":-14,"height":1,"chars":["ǩ"]},{"type":"bitmap","file":"minecraft:gen/fluids_10/potion/9.png","ascent":-13,"height":1,"chars":["Ǫ"]},{"type":"bitmap","file":"minecraft:gen/fluids_10/potion/10.png","ascent":-12,"height":1,"chars":["ǫ"]},{"type":"bitmap","file":"minecraft:gen/fluids_10/potion/11.png","ascent":-11,"height":1,"chars":["Ǭ"]},{"type":"bitmap","file":"minecraft:gen/fluids_10/potion/12.png","ascent":-10,"height":1,"chars":["ǭ"]},{"type":"bitmap","file":"minecraft:gen/fluids_10/potion/13.png","ascent":-9,"height":1,"chars":["Ǯ"]},{"type":"bitmap","file":"minecraft:gen/fluids_10/potion/14.png","ascent":-8,"height":1,"chars":["ǯ"]},{"type":"bitmap","file":"minecraft:gen/fluids_10/potion/15.png","ascent":-7,"height":1,"chars":["ǰ"]},{"type":"bitmap","file":"minecraft:gen/fluids_10/water/0.png","ascent":-54,"height":1,"chars":["Ǳ"]},{"type":"bitmap","file":"minecraft:gen/fluids_10/water/1.png","ascent":-53,"height":1,"chars":["ǲ"]},{"type":"bitmap","file":"minecraft:gen/fluids_10/water/2.png","ascent":-52,"height":1,"chars":["ǳ"]},{"type":"bitmap","file":"minecraft:gen/fluids_10/water/3.png","ascent":-51,"height":1,"chars":["Ǵ"]},{"type":"bitmap","file":"minecraft:gen/fluids_10/water/4.png","ascent":-50,"height":1,"chars":["ǵ"]},{"type":"bitmap","file":"minecraft:gen/fluids_10/water/5.png","ascent":-49,"height":1,"chars":["Ƕ"]},{"type":"bitmap","file":"minecraft:gen/fluids_10/water/6.png","ascent":-48,"height":1,"chars":["Ƿ"]},{"type":"bitmap","file":"minecraft:gen/fluids_10/water/7.png","ascent":-47,"height":1,"chars":["Ǹ"]},{"type":"bitmap","file":"minecraft:gen/fluids_10/water/8.png","ascent":-46,"height":1,"chars":["ǹ"]},{"type":"bitmap","file":"minecraft:gen/fluids_10/water/9.png","ascent":-45,"height":1,"chars":["Ǻ"]},{"type":"bitmap","file":"minecraft:gen/fluids_10/water/10.png","ascent":-44,"height":1,"chars":["ǻ"]},{"type":"bitmap","file":"minecraft:gen/fluids_10/water/11.png","ascent":-43,"height":1,"chars":["Ǽ"]},{"type":"bitmap","file":"minecraft:gen/fluids_10/water/12.png","ascent":-42,"height":1,"chars":["ǽ"]},{"type":"bitmap","file":"minecraft:gen/fluids_10/water/13.png","ascent":-41,"height":1,"chars":["Ǿ"]},{"type":"bitmap","file":"minecraft:gen/fluids_10/water/14.png","ascent":-40,"height":1,"chars":["ǿ"]},{"type":"bitmap","file":"minecraft:gen/fluids_10/water/15.png","ascent":-39,"height":1,"chars":["Ȁ"]},{"type":"bitmap","file":"minecraft:gen/fluids_10/water/0.png","ascent":-38,"height":1,"chars":["ȁ"]},{"type":"bitmap","file":"minecraft:gen/fluids_10/water/1.png","ascent":-37,"height":1,"chars":["Ȃ"]},{"type":"bitmap","file":"minecraft:gen/fluids_10/water/2.png","ascent":-36,"height":1,"chars":["ȃ"]},{"type":"bitmap","file":"minecraft:gen/fluids_10/water/3.png","ascent":-35,"height":1,"chars":["Ȅ"]},{"type":"bitmap","file":"minecraft:gen/fluids_10/water/4.png","ascent":-34,"height":1,"chars":["ȅ"]},{"type":"bitmap","file":"minecraft:gen/fluids_10/water/5.png","ascent":-33,"height":1,"chars":["Ȇ"]},{"type":"bitmap","file":"minecraft:gen/fluids_10/water/6.png","ascent":-32,"height":1,"chars":["ȇ"]},{"type":"bitmap","file":"minecraft:gen/fluids_10/water/7.png","ascent":-31,"height":1,"chars":["Ȉ"]},{"type":"bitmap","file":"minecraft:gen/fluids_10/water/8.png","ascent":-30,"height":1,"chars":["ȉ"]},{"type":"bitmap","file":"minecraft:gen/fluids_10/water/9.png","ascent":-29,"height":1,"chars":["Ȋ"]},{"type":"bitmap","file":"minecraft:gen/fluids_10/water/10.png","ascent":-28,"height":1,"chars":["ȋ"]},{"type":"bitmap","file":"minecraft:gen/fluids_10/water/11.png","ascent":-27,"height":1,"chars":["Ȍ"]},{"type":"bitmap","file":"minecraft:gen/fluids_10/water/12.png","ascent":-26,"height":1,"chars":["ȍ"]},{"type":"bitmap","file":"minecraft:gen/fluids_10/water/13.png","ascent":-25,"height":1,"chars":["Ȏ"]},{"type":"bitmap","file":"minecraft:gen/fluids_10/water/14.png","ascent":-24,"height":1,"chars":["ȏ"]},{"type":"bitmap","file":"minecraft:gen/fluids_10/water/15.png","ascent":-23,"height":1,"chars":["Ȑ"]},{"type":"bitmap","file":"minecraft:gen/fluids_10/water/0.png","ascent":-22,"height":1,"chars":["ȑ"]},{"type":"bitmap","file":"minecraft:gen/fluids_10/water/1.png","ascent":-21,"height":1,"chars":["Ȓ"]},{"type":"bitmap","file":"minecraft:gen/fluids_10/water/2.png","ascent":-20,"height":1,"chars":["ȓ"]},{"type":"bitmap","file":"minecraft:gen/fluids_10/water/3.png","ascent":-19,"height":1,"chars":["Ȕ"]},{"type":"bitmap","file":"minecraft:gen/fluids_10/water/4.png","ascent":-18,"height":1,"chars":["ȕ"]},{"type":"bitmap","file":"minecraft:gen/fluids_10/water/5.png","ascent":-17,"height":1,"chars":["Ȗ"]},{"type":"bitmap","file":"minecraft:gen/fluids_10/water/6.png","ascent":-16,"height":1,"chars":["ȗ"]},{"type":"bitmap","file":"minecraft:gen/fluids_10/water/7.png","ascent":-15,"height":1,"chars":["Ș"]},{"type":"bitmap","file":"minecraft:gen/fluids_10/water/8.png","ascent":-14,"height":1,"chars":["ș"]},{"type":"bitmap","file":"minecraft:gen/fluids_10/water/9.png","ascent":-13,"height":1,"chars":["Ț"]},{"type":"bitmap","file":"minecraft:gen/fluids_10/water/10.png","ascent":-12,"height":1,"chars":["ț"]},{"type":"bitmap","file":"minecraft:gen/fluids_10/water/11.png","ascent":-11,"height":1,"chars":["Ȝ"]},{"type":"bitmap","file":"minecraft:gen/fluids_10/water/12.png","ascent":-10,"height":1,"chars":["ȝ"]},{"type":"bitmap","file":"minecraft:gen/fluids_10/water/13.png","ascent":-9,"height":1,"chars":["Ȟ"]},{"type":"bitmap","file":"minecraft:gen/fluids_10/water/14.png","ascent":-8,"height":1,"chars":["ȟ"]},{"type":"bitmap","file":"minecraft:gen/fluids_10/water/15.png","ascent":-7,"height":1,"chars":["Ƞ"]},{"type":"bitmap","file":"minecraft:gen/fluids_10/milk/0.png","ascent":-54,"height":1,"chars":["ȡ"]},{"type":"bitmap","file":"minecraft:gen/fluids_10/milk/1.png","ascent":-53,"height":1,"chars":["Ȣ"]},{"type":"bitmap","file":"minecraft:gen/fluids_10/milk/2.png","ascent":-52,"height":1,"chars":["ȣ"]},{"type":"bitmap","file":"minecraft:gen/fluids_10/milk/3.png","ascent":-51,"height":1,"chars":["Ȥ"]},{"type":"bitmap","file":"minecraft:gen/fluids_10/milk/4.png","ascent":-50,"height":1,"chars":["ȥ"]},{"type":"bitmap","file":"minecraft:gen/fluids_10/milk/5.png","ascent":-49,"height":1,"chars":["Ȧ"]},{"type":"bitmap","file":"minecraft:gen/fluids_10/milk/6.png","ascent":-48,"height":1,"chars":["ȧ"]},{"type":"bitmap","file":"minecraft:gen/fluids_10/milk/7.png","ascent":-47,"height":1,"chars":["Ȩ"]},{"type":"bitmap","file":"minecraft:gen/fluids_10/milk/8.png","ascent":-46,"height":1,"chars":["ȩ"]},{"type":"bitmap","file":"minecraft:gen/fluids_10/milk/9.png","ascent":-45,"height":1,"chars":["Ȫ"]},{"type":"bitmap","file":"minecraft:gen/fluids_10/milk/10.png","ascent":-44,"height":1,"chars":["ȫ"]},{"type":"bitmap","file":"minecraft:gen/fluids_10/milk/11.png","ascent":-43,"height":1,"chars":["Ȭ"]},{"type":"bitmap","file":"minecraft:gen/fluids_10/milk/12.png","ascent":-42,"height":1,"chars":["ȭ"]},{"type":"bitmap","file":"minecraft:gen/fluids_10/milk/13.png","ascent":-41,"height":1,"chars":["Ȯ"]},{"type":"bitmap","file":"minecraft:gen/fluids_10/milk/14.png","ascent":-40,"height":1,"chars":["ȯ"]},{"type":"bitmap","file":"minecraft:gen/fluids_10/milk/15.png","ascent":-39,"height":1,"chars":["Ȱ"]},{"type":"bitmap","file":"minecraft:gen/fluids_10/milk/0.png","ascent":-38,"height":1,"chars":["ȱ"]},{"type":"bitmap","file":"minecraft:gen/fluids_10/milk/1.png","ascent":-37,"height":1,"chars":["Ȳ"]},{"type":"bitmap","file":"minecraft:gen/fluids_10/milk/2.png","ascent":-36,"height":1,"chars":["ȳ"]},{"type":"bitmap","file":"minecraft:gen/fluids_10/milk/3.png","ascent":-35,"height":1,"chars":["ȴ"]},{"type":"bitmap","file":"minecraft:gen/fluids_10/milk/4.png","ascent":-34,"height":1,"chars":["ȵ"]},{"type":"bitmap","file":"minecraft:gen/fluids_10/milk/5.png","ascent":-33,"height":1,"chars":["ȶ"]},{"type":"bitmap","file":"minecraft:gen/fluids_10/milk/6.png","ascent":-32,"height":1,"chars":["ȷ"]},{"type":"bitmap","file":"minecraft:gen/fluids_10/milk/7.png","ascent":-31,"height":1,"chars":["ȸ"]},{"type":"bitmap","file":"minecraft:gen/fluids_10/milk/8.png","ascent":-30,"height":1,"chars":["ȹ"]},{"type":"bitmap","file":"minecraft:gen/fluids_10/milk/9.png","ascent":-29,"height":1,"chars":["Ⱥ"]},{"type":"bitmap","file":"minecraft:gen/fluids_10/milk/10.png","ascent":-28,"height":1,"chars":["Ȼ"]},{"type":"bitmap","file":"minecraft:gen/fluids_10/milk/11.png","ascent":-27,"height":1,"chars":["ȼ"]},{"type":"bitmap","file":"minecraft:gen/fluids_10/milk/12.png","ascent":-26,"height":1,"chars":["Ƚ"]},{"type":"bitmap","file":"minecraft:gen/fluids_10/milk/13.png","ascent":-25,"height":1,"chars":["Ⱦ"]},{"type":"bitmap","file":"minecraft:gen/fluids_10/milk/14.png","ascent":-24,"height":1,"chars":["ȿ"]},{"type":"bitmap","file":"minecraft:gen/fluids_10/milk/15.png","ascent":-23,"height":1,"chars":["ɀ"]},{"type":"bitmap","file":"minecraft:gen/fluids_10/milk/0.png","ascent":-22,"height":1,"chars":["Ɂ"]},{"type":"bitmap","file":"minecraft:gen/fluids_10/milk/1.png","ascent":-21,"height":1,"chars":["ɂ"]},{"type":"bitmap","file":"minecraft:gen/fluids_10/milk/2.png","ascent":-20,"height":1,"chars":["Ƀ"]},{"type":"bitmap","file":"minecraft:gen/fluids_10/milk/3.png","ascent":-19,"height":1,"chars":["Ʉ"]},{"type":"bitmap","file":"minecraft:gen/fluids_10/milk/4.png","ascent":-18,"height":1,"chars":["Ʌ"]},{"type":"bitmap","file":"minecraft:gen/fluids_10/milk/5.png","ascent":-17,"height":1,"chars":["Ɇ"]},{"type":"bitmap","file":"minecraft:gen/fluids_10/milk/6.png","ascent":-16,"height":1,"chars":["ɇ"]},{"type":"bitmap","file":"minecraft:gen/fluids_10/milk/7.png","ascent":-15,"height":1,"chars":["Ɉ"]},{"type":"bitmap","file":"minecraft:gen/fluids_10/milk/8.png","ascent":-14,"height":1,"chars":["ɉ"]},{"type":"bitmap","file":"minecraft:gen/fluids_10/milk/9.png","ascent":-13,"height":1,"chars":["Ɋ"]},{"type":"bitmap","file":"minecraft:gen/fluids_10/milk/10.png","ascent":-12,"height":1,"chars":["ɋ"]},{"type":"bitmap","file":"minecraft:gen/fluids_10/milk/11.png","ascent":-11,"height":1,"chars":["Ɍ"]},{"type":"bitmap","file":"minecraft:gen/fluids_10/milk/12.png","ascent":-10,"height":1,"chars":["ɍ"]},{"type":"bitmap","file":"minecraft:gen/fluids_10/milk/13.png","ascent":-9,"height":1,"chars":["Ɏ"]},{"type":"bitmap","file":"minecraft:gen/fluids_10/milk/14.png","ascent":-8,"height":1,"chars":["ɏ"]},{"type":"bitmap","file":"minecraft:gen/fluids_10/milk/15.png","ascent":-7,"height":1,"chars":["ɐ"]},{"type":"bitmap","file":"minecraft:gen/fluids_10/experience/0.png","ascent":-54,"height":1,"chars":["ɑ"]},{"type":"bitmap","file":"minecraft:gen/fluids_10/experience/1.png","ascent":-53,"height":1,"chars":["ɒ"]},{"type":"bitmap","file":"minecraft:gen/fluids_10/experience/2.png","ascent":-52,"height":1,"chars":["ɓ"]},{"type":"bitmap","file":"minecraft:gen/fluids_10/experience/3.png","ascent":-51,"height":1,"chars":["ɔ"]},{"type":"bitmap","file":"minecraft:gen/fluids_10/experience/4.png","ascent":-50,"height":1,"chars":["ɕ"]},{"type":"bitmap","file":"minecraft:gen/fluids_10/experience/5.png","ascent":-49,"height":1,"chars":["ɖ"]},{"type":"bitmap","file":"minecraft:gen/fluids_10/experience/6.png","ascent":-48,"height":1,"chars":["ɗ"]},{"type":"bitmap","file":"minecraft:gen/fluids_10/experience/7.png","ascent":-47,"height":1,"chars":["ɘ"]},{"type":"bitmap","file":"minecraft:gen/fluids_10/experience/8.png","ascent":-46,"height":1,"chars":["ə"]},{"type":"bitmap","file":"minecraft:gen/fluids_10/experience/9.png","ascent":-45,"height":1,"chars":["ɚ"]},{"type":"bitmap","file":"minecraft:gen/fluids_10/experience/10.png","ascent":-44,"height":1,"chars":["ɛ"]},{"type":"bitmap","file":"minecraft:gen/fluids_10/experience/11.png","ascent":-43,"height":1,"chars":["ɜ"]},{"type":"bitmap","file":"minecraft:gen/fluids_10/experience/12.png","ascent":-42,"height":1,"chars":["ɝ"]},{"type":"bitmap","file":"minecraft:gen/fluids_10/experience/13.png","ascent":-41,"height":1,"chars":["ɞ"]},{"type":"bitmap","file":"minecraft:gen/fluids_10/experience/14.png","ascent":-40,"height":1,"chars":["ɟ"]},{"type":"bitmap","file":"minecraft:gen/fluids_10/experience/15.png","ascent":-39,"height":1,"chars":["ɠ"]},{"type":"bitmap","file":"minecraft:gen/fluids_10/experience/0.png","ascent":-38,"height":1,"chars":["ɡ"]},{"type":"bitmap","file":"minecraft:gen/fluids_10/experience/1.png","ascent":-37,"height":1,"chars":["ɢ"]},{"type":"bitmap","file":"minecraft:gen/fluids_10/experience/2.png","ascent":-36,"height":1,"chars":["ɣ"]},{"type":"bitmap","file":"minecraft:gen/fluids_10/experience/3.png","ascent":-35,"height":1,"chars":["ɤ"]},{"type":"bitmap","file":"minecraft:gen/fluids_10/experience/4.png","ascent":-34,"height":1,"chars":["ɥ"]},{"type":"bitmap","file":"minecraft:gen/fluids_10/experience/5.png","ascent":-33,"height":1,"chars":["ɦ"]},{"type":"bitmap","file":"minecraft:gen/fluids_10/experience/6.png","ascent":-32,"height":1,"chars":["ɧ"]},{"type":"bitmap","file":"minecraft:gen/fluids_10/experience/7.png","ascent":-31,"height":1,"chars":["ɨ"]},{"type":"bitmap","file":"minecraft:gen/fluids_10/experience/8.png","ascent":-30,"height":1,"chars":["ɩ"]},{"type":"bitmap","file":"minecraft:gen/fluids_10/experience/9.png","ascent":-29,"height":1,"chars":["ɪ"]},{"type":"bitmap","file":"minecraft:gen/fluids_10/experience/10.png","ascent":-28,"height":1,"chars":["ɫ"]},{"type":"bitmap","file":"minecraft:gen/fluids_10/experience/11.png","ascent":-27,"height":1,"chars":["ɬ"]},{"type":"bitmap","file":"minecraft:gen/fluids_10/experience/12.png","ascent":-26,"height":1,"chars":["ɭ"]},{"type":"bitmap","file":"minecraft:gen/fluids_10/experience/13.png","ascent":-25,"height":1,"chars":["ɮ"]},{"type":"bitmap","file":"minecraft:gen/fluids_10/experience/14.png","ascent":-24,"height":1,"chars":["ɯ"]},{"type":"bitmap","file":"minecraft:gen/fluids_10/experience/15.png","ascent":-23,"height":1,"chars":["ɰ"]},{"type":"bitmap","file":"minecraft:gen/fluids_10/experience/0.png","ascent":-22,"height":1,"chars":["ɱ"]},{"type":"bitmap","file":"minecraft:gen/fluids_10/experience/1.png","ascent":-21,"height":1,"chars":["ɲ"]},{"type":"bitmap","file":"minecraft:gen/fluids_10/experience/2.png","ascent":-20,"height":1,"chars":["ɳ"]},{"type":"bitmap","file":"minecraft:gen/fluids_10/experience/3.png","ascent":-19,"height":1,"chars":["ɴ"]},{"type":"bitmap","file":"minecraft:gen/fluids_10/experience/4.png","ascent":-18,"height":1,"chars":["ɵ"]},{"type":"bitmap","file":"minecraft:gen/fluids_10/experience/5.png","ascent":-17,"height":1,"chars":["ɶ"]},{"type":"bitmap","file":"minecraft:gen/fluids_10/experience/6.png","ascent":-16,"height":1,"chars":["ɷ"]},{"type":"bitmap","file":"minecraft:gen/fluids_10/experience/7.png","ascent":-15,"height":1,"chars":["ɸ"]},{"type":"bitmap","file":"minecraft:gen/fluids_10/experience/8.png","ascent":-14,"height":1,"chars":["ɹ"]},{"type":"bitmap","file":"minecraft:gen/fluids_10/experience/9.png","ascent":-13,"height":1,"chars":["ɺ"]},{"type":"bitmap","file":"minecraft:gen/fluids_10/experience/10.png","ascent":-12,"height":1,"chars":["ɻ"]},{"type":"bitmap","file":"minecraft:gen/fluids_10/experience/11.png","ascent":-11,"height":1,"chars":["ɼ"]},{"type":"bitmap","file":"minecraft:gen/fluids_10/experience/12.png","ascent":-10,"height":1,"chars":["ɽ"]},{"type":"bitmap","file":"minecraft:gen/fluids_10/experience/13.png","ascent":-9,"height":1,"chars":["ɾ"]},{"type":"bitmap","file":"minecraft:gen/fluids_10/experience/14.png","ascent":-8,"height":1,"chars":["ɿ"]},{"type":"bitmap","file":"minecraft:gen/fluids_10/experience/15.png","ascent":-7,"height":1,"chars":["ʀ"]}]}