{
    "pools": [
        {
            "rolls": 1,
            "entries": [
                {
                    "type": "item",
                    "name": "minecraft:suspicious_stew",
                    "functions": [
                        {
                            "function": "minecraft:set_components",
                            "components": {
                                "minecraft:item_name": "{ 'translate': 'item.jmmf.melon_ice_cream', 'italic': false }",
                                "minecraft:custom_model_data": 481222,
                                "minecraft:custom_data": {
                                    "smithed": {
                                        "id": "jmmf:melon_ice_cream"
                                    },
                                    "joshmats": {
                                        "tag": ["ice_cream"]
                                    }
                                },
                                "minecraft:food": {
                                    "nutrition": 6,
                                    "saturation": 6,
                                    "effects": [
                                        {
                                            "effect": {
                                                "id": "minecraft:slowness",
                                                "duration": 1200
                                            }
                                        },
                                        {
                                            "effect": {
                                                "id": "minecraft:weakness",
                                                "duration": 1200
                                            }
                                        }
                                    ]
                                },
                                "minecraft:max_stack_size": 16
                            }
                        }
                    ]
                }
            ]
        }
    ]
}
