{"sources":[{"type":"minecraft:single","resource":"computercraft:gui/border_normal"},{"type":"minecraft:single","resource":"computercraft:gui/pocket_bottom_normal"},{"type":"minecraft:single","resource":"computercraft:gui/sidebar_normal"},{"type":"minecraft:single","resource":"computercraft:gui/border_advanced"},{"type":"minecraft:single","resource":"computercraft:gui/pocket_bottom_advanced"},{"type":"minecraft:single","resource":"computercraft:gui/sidebar_advanced"},{"type":"minecraft:single","resource":"computercraft:gui/border_command"},{"type":"minecraft:single","resource":"computercraft:gui/sidebar_command"},{"type":"minecraft:single","resource":"computercraft:gui/border_colour"},{"type":"minecraft:single","resource":"computercraft:gui/pocket_bottom_colour"}]}