[
  {
      "function": "minecraft:set_components",
      "components": {
          "minecraft:item_name": "{'translate': 'item.jmmf.beetroot_tea', 'italic': false }",
          "minecraft:food": { 
            "nutrition": 1, "saturation": 0.5, "can_always_eat": true,
            "effects": [
              {"effect":{"id":"minecraft:regeneration","duration":200}}
            ]
          },
          "minecraft:max_stack_size": 16
      }
  },
  { "function": "set_custom_model_data", "value": 481368 },
  { "function": "set_custom_data", "tag": "{'smithed':{'id':'jmmf:beetroot_tea'},'joshmats':{'tag':['tea']}}" }
]