{"variants":{"distance=1,persistent=false,waterlogged=false":[{"model":"minecraft:block/birch_leaves","x":0,"y":0,"uvlock":false}],"distance=1,persistent=false,waterlogged=true":[{"model":"minecraft:block/birch_leaves","x":0,"y":0,"uvlock":false}],"distance=1,persistent=true,waterlogged=false":[{"model":"minecraft:block/birch_leaves","x":0,"y":0,"uvlock":false}],"distance=1,persistent=true,waterlogged=true":[{"model":"minecraft:block/birch_leaves","x":0,"y":0,"uvlock":false}],"distance=2,persistent=false,waterlogged=false":[{"model":"minecraft:block/birch_leaves","x":0,"y":0,"uvlock":false}],"distance=2,persistent=false,waterlogged=true":[{"model":"minecraft:block/birch_leaves","x":0,"y":0,"uvlock":false}],"distance=2,persistent=true,waterlogged=false":[{"model":"minecraft:block/birch_leaves","x":0,"y":0,"uvlock":false}],"distance=2,persistent=true,waterlogged=true":[{"model":"minecraft:block/birch_leaves","x":0,"y":0,"uvlock":false}],"distance=3,persistent=false,waterlogged=false":[{"model":"minecraft:block/birch_leaves","x":0,"y":0,"uvlock":false}],"distance=3,persistent=false,waterlogged=true":[{"model":"minecraft:block/birch_leaves","x":0,"y":0,"uvlock":false}],"distance=3,persistent=true,waterlogged=false":[{"model":"minecraft:block/birch_leaves","x":0,"y":0,"uvlock":false}],"distance=3,persistent=true,waterlogged=true":[{"model":"minecraft:block/birch_leaves","x":0,"y":0,"uvlock":false}],"distance=4,persistent=false,waterlogged=false":[{"model":"minecraft:block/birch_leaves","x":0,"y":0,"uvlock":false}],"distance=4,persistent=false,waterlogged=true":[{"model":"minecraft:block/birch_leaves","x":0,"y":0,"uvlock":false}],"distance=4,persistent=true,waterlogged=false":[{"model":"minecraft:block/birch_leaves","x":0,"y":0,"uvlock":false}],"distance=4,persistent=true,waterlogged=true":[{"model":"minecraft:block/birch_leaves","x":0,"y":0,"uvlock":false}],"distance=5,persistent=false,waterlogged=false":[{"model":"minecraft:block/birch_leaves","x":0,"y":0,"uvlock":false}],"distance=5,persistent=false,waterlogged=true":[{"model":"minecraft:block/birch_leaves","x":0,"y":0,"uvlock":false}],"distance=5,persistent=true,waterlogged=false":[{"model":"minecraft:block/birch_leaves","x":0,"y":0,"uvlock":false}],"distance=5,persistent=true,waterlogged=true":[{"model":"minecraft:block/birch_leaves","x":0,"y":0,"uvlock":false}],"distance=6,persistent=false,waterlogged=false":[{"model":"minecraft:block/birch_leaves","x":0,"y":0,"uvlock":false}],"distance=6,persistent=false,waterlogged=true":[{"model":"minecraft:block/birch_leaves","x":0,"y":0,"uvlock":false}],"distance=6,persistent=true,waterlogged=false":[{"model":"minecraft:block/birch_leaves","x":0,"y":0,"uvlock":false}],"distance=6,persistent=true,waterlogged=true":[{"model":"minecraft:block/birch_leaves","x":0,"y":0,"uvlock":false}],"distance=7,persistent=false,waterlogged=false":[{"model":"minecraft:block/birch_leaves","x":0,"y":0,"uvlock":false}],"distance=7,persistent=false,waterlogged=true":[{"model":"minecraft:block/birch_leaves","x":0,"y":0,"uvlock":false}],"distance=7,persistent=true,waterlogged=false":[{"model":"minecraft:block/birch_leaves","x":0,"y":0,"uvlock":false}],"distance=7,persistent=true,waterlogged=true":[{"model":"minecraft:block/birch_leaves","x":0,"y":0,"uvlock":false}]}}