{"variants":{"age=0,berries=false":[{"model":"minecraft:block/cave_vines","x":0,"y":0,"uvlock":false}],"age=0,berries=true":[{"model":"minecraft:block/cave_vines_lit","x":0,"y":0,"uvlock":false}],"age=1,berries=false":[{"model":"minecraft:block/cave_vines","x":0,"y":0,"uvlock":false}],"age=1,berries=true":[{"model":"minecraft:block/cave_vines_lit","x":0,"y":0,"uvlock":false}],"age=10,berries=false":[{"model":"minecraft:block/cave_vines","x":0,"y":0,"uvlock":false}],"age=10,berries=true":[{"model":"minecraft:block/cave_vines_lit","x":0,"y":0,"uvlock":false}],"age=11,berries=false":[{"model":"minecraft:block/cave_vines","x":0,"y":0,"uvlock":false}],"age=11,berries=true":[{"model":"minecraft:block/cave_vines_lit","x":0,"y":0,"uvlock":false}],"age=12,berries=false":[{"model":"minecraft:block/cave_vines","x":0,"y":0,"uvlock":false}],"age=12,berries=true":[{"model":"minecraft:block/cave_vines_lit","x":0,"y":0,"uvlock":false}],"age=13,berries=false":[{"model":"minecraft:block/cave_vines","x":0,"y":0,"uvlock":false}],"age=13,berries=true":[{"model":"minecraft:block/cave_vines_lit","x":0,"y":0,"uvlock":false}],"age=14,berries=false":[{"model":"minecraft:block/cave_vines","x":0,"y":0,"uvlock":false}],"age=14,berries=true":[{"model":"minecraft:block/cave_vines_lit","x":0,"y":0,"uvlock":false}],"age=15,berries=false":[{"model":"minecraft:block/cave_vines","x":0,"y":0,"uvlock":false}],"age=15,berries=true":[{"model":"minecraft:block/cave_vines_lit","x":0,"y":0,"uvlock":false}],"age=16,berries=false":[{"model":"minecraft:block/cave_vines","x":0,"y":0,"uvlock":false}],"age=16,berries=true":[{"model":"minecraft:block/cave_vines_lit","x":0,"y":0,"uvlock":false}],"age=17,berries=false":[{"model":"minecraft:block/cave_vines","x":0,"y":0,"uvlock":false}],"age=17,berries=true":[{"model":"minecraft:block/cave_vines_lit","x":0,"y":0,"uvlock":false}],"age=18,berries=false":[{"model":"minecraft:block/cave_vines","x":0,"y":0,"uvlock":false}],"age=18,berries=true":[{"model":"minecraft:block/cave_vines_lit","x":0,"y":0,"uvlock":false}],"age=19,berries=false":[{"model":"minecraft:block/cave_vines","x":0,"y":0,"uvlock":false}],"age=19,berries=true":[{"model":"minecraft:block/cave_vines_lit","x":0,"y":0,"uvlock":false}],"age=2,berries=false":[{"model":"minecraft:block/cave_vines","x":0,"y":0,"uvlock":false}],"age=2,berries=true":[{"model":"minecraft:block/cave_vines_lit","x":0,"y":0,"uvlock":false}],"age=20,berries=false":[{"model":"minecraft:block/cave_vines","x":0,"y":0,"uvlock":false}],"age=20,berries=true":[{"model":"minecraft:block/cave_vines_lit","x":0,"y":0,"uvlock":false}],"age=21,berries=false":[{"model":"minecraft:block/cave_vines","x":0,"y":0,"uvlock":false}],"age=21,berries=true":[{"model":"minecraft:block/cave_vines_lit","x":0,"y":0,"uvlock":false}],"age=22,berries=false":[{"model":"minecraft:block/cave_vines","x":0,"y":0,"uvlock":false}],"age=22,berries=true":[{"model":"minecraft:block/cave_vines_lit","x":0,"y":0,"uvlock":false}],"age=23,berries=false":[{"model":"minecraft:block/cave_vines","x":0,"y":0,"uvlock":false}],"age=23,berries=true":[{"model":"minecraft:block/cave_vines_lit","x":0,"y":0,"uvlock":false}],"age=24,berries=false":[{"model":"minecraft:block/cave_vines","x":0,"y":0,"uvlock":false}],"age=24,berries=true":[{"model":"minecraft:block/cave_vines_lit","x":0,"y":0,"uvlock":false}],"age=25,berries=false":[{"model":"minecraft:block/cave_vines","x":0,"y":0,"uvlock":false}],"age=25,berries=true":[{"model":"minecraft:block/cave_vines_lit","x":0,"y":0,"uvlock":false}],"age=3,berries=false":[{"model":"minecraft:block/cave_vines","x":0,"y":0,"uvlock":false}],"age=3,berries=true":[{"model":"minecraft:block/cave_vines_lit","x":0,"y":0,"uvlock":false}],"age=4,berries=false":[{"model":"minecraft:block/cave_vines","x":0,"y":0,"uvlock":false}],"age=4,berries=true":[{"model":"minecraft:block/cave_vines_lit","x":0,"y":0,"uvlock":false}],"age=5,berries=false":[{"model":"minecraft:block/cave_vines","x":0,"y":0,"uvlock":false}],"age=5,berries=true":[{"model":"minecraft:block/cave_vines_lit","x":0,"y":0,"uvlock":false}],"age=6,berries=false":[{"model":"minecraft:block/cave_vines","x":0,"y":0,"uvlock":false}],"age=6,berries=true":[{"model":"minecraft:block/cave_vines_lit","x":0,"y":0,"uvlock":false}],"age=7,berries=false":[{"model":"minecraft:block/cave_vines","x":0,"y":0,"uvlock":false}],"age=7,berries=true":[{"model":"minecraft:block/cave_vines_lit","x":0,"y":0,"uvlock":false}],"age=8,berries=false":[{"model":"minecraft:block/cave_vines","x":0,"y":0,"uvlock":false}],"age=8,berries=true":[{"model":"minecraft:block/cave_vines_lit","x":0,"y":0,"uvlock":false}],"age=9,berries=false":[{"model":"minecraft:block/cave_vines","x":0,"y":0,"uvlock":false}],"age=9,berries=true":[{"model":"minecraft:block/cave_vines_lit","x":0,"y":0,"uvlock":false}]}}