{"variants":{"moisture=1":[{"model":"minecraft:block/farmland","x":0,"y":0,"uvlock":false}],"moisture=2":[{"model":"minecraft:block/farmland","x":0,"y":0,"uvlock":false}],"moisture=3":[{"model":"minecraft:block/farmland","x":0,"y":0,"uvlock":false}],"moisture=4":[{"model":"minecraft:block/farmland","x":0,"y":0,"uvlock":false}],"moisture=5":[{"model":"minecraft:block/farmland","x":0,"y":0,"uvlock":false}],"moisture=6":[{"model":"minecraft:block/farmland","x":0,"y":0,"uvlock":false}],"moisture=7":[{"model":"minecraft:block/farmland_moist","x":0,"y":0,"uvlock":false}]}}