{"variants":{"age=0":[{"model":"minecraft:block/weeping_vines","x":0,"y":0,"uvlock":false}],"age=1":[{"model":"minecraft:block/weeping_vines","x":0,"y":0,"uvlock":false}],"age=10":[{"model":"minecraft:block/weeping_vines","x":0,"y":0,"uvlock":false}],"age=11":[{"model":"minecraft:block/weeping_vines","x":0,"y":0,"uvlock":false}],"age=12":[{"model":"minecraft:block/weeping_vines","x":0,"y":0,"uvlock":false}],"age=13":[{"model":"minecraft:block/weeping_vines","x":0,"y":0,"uvlock":false}],"age=14":[{"model":"minecraft:block/weeping_vines","x":0,"y":0,"uvlock":false}],"age=15":[{"model":"minecraft:block/weeping_vines","x":0,"y":0,"uvlock":false}],"age=16":[{"model":"minecraft:block/weeping_vines","x":0,"y":0,"uvlock":false}],"age=17":[{"model":"minecraft:block/weeping_vines","x":0,"y":0,"uvlock":false}],"age=18":[{"model":"minecraft:block/weeping_vines","x":0,"y":0,"uvlock":false}],"age=19":[{"model":"minecraft:block/weeping_vines","x":0,"y":0,"uvlock":false}],"age=2":[{"model":"minecraft:block/weeping_vines","x":0,"y":0,"uvlock":false}],"age=20":[{"model":"minecraft:block/weeping_vines","x":0,"y":0,"uvlock":false}],"age=21":[{"model":"minecraft:block/weeping_vines","x":0,"y":0,"uvlock":false}],"age=22":[{"model":"minecraft:block/weeping_vines","x":0,"y":0,"uvlock":false}],"age=23":[{"model":"minecraft:block/weeping_vines","x":0,"y":0,"uvlock":false}],"age=24":[{"model":"minecraft:block/weeping_vines","x":0,"y":0,"uvlock":false}],"age=25":[{"model":"minecraft:block/weeping_vines","x":0,"y":0,"uvlock":false}],"age=3":[{"model":"minecraft:block/weeping_vines","x":0,"y":0,"uvlock":false}],"age=4":[{"model":"minecraft:block/weeping_vines","x":0,"y":0,"uvlock":false}],"age=5":[{"model":"minecraft:block/weeping_vines","x":0,"y":0,"uvlock":false}],"age=6":[{"model":"minecraft:block/weeping_vines","x":0,"y":0,"uvlock":false}],"age=7":[{"model":"minecraft:block/weeping_vines","x":0,"y":0,"uvlock":false}],"age=8":[{"model":"minecraft:block/weeping_vines","x":0,"y":0,"uvlock":false}],"age=9":[{"model":"minecraft:block/weeping_vines","x":0,"y":0,"uvlock":false}]}}