{"cave.cave":{"replace":false,"sounds":[{"name":"mambience:ambient/cave/cave1","attenuation_distance":100},{"name":"mambience:ambient/cave/cave2","attenuation_distance":100},{"name":"mambience:ambient/cave/cave3","attenuation_distance":100},{"name":"mambience:ambient/cave/cave4","attenuation_distance":100},{"name":"mambience:ambient/cave/cave5","attenuation_distance":100},{"name":"mambience:ambient/cave/cave6","attenuation_distance":100},{"name":"mambience:ambient/cave/cave7","attenuation_distance":100},{"name":"mambience:ambient/cave/cave8","attenuation_distance":100},{"name":"mambience:ambient/cave/cave9","attenuation_distance":100},{"name":"mambience:ambient/cave/cavea","attenuation_distance":100},{"name":"mambience:ambient/cave/caveb","attenuation_distance":100},{"name":"mambience:ambient/cave/cavec","attenuation_distance":100},{"name":"mambience:ambient/cave/crumble1","attenuation_distance":100},{"name":"mambience:ambient/cave/crumble2","attenuation_distance":100},{"name":"mambience:ambient/cave/crumble3","attenuation_distance":100},{"name":"mambience:ambient/cave/crumble4","attenuation_distance":100}]},"cave.drip":{"replace":false,"sounds":[{"name":"mambience:ambient/cave/droplet1","attenuation_distance":100},{"name":"mambience:ambient/cave/droplet2","attenuation_distance":100},{"name":"mambience:ambient/cave/droplet3","attenuation_distance":100},{"name":"mambience:ambient/cave/droplet4","attenuation_distance":100},{"name":"mambience:ambient/cave/droplet5","attenuation_distance":100},{"name":"mambience:ambient/cave/droplet6","attenuation_distance":100}]},"cave.lava":{"replace":false,"sounds":[{"name":"mambience:ambient/cave/lava1","attenuation_distance":100},{"name":"mambience:ambient/cave/lava2","attenuation_distance":100},{"name":"mambience:ambient/cave/lava3","attenuation_distance":100}]},"cave.vent":{"replace":false,"sounds":[{"name":"mambience:ambient/cave/vent_canyon1","attenuation_distance":100},{"name":"mambience:ambient/cave/vent_canyon2","attenuation_distance":100},{"name":"mambience:ambient/cave/vent_canyon3","attenuation_distance":100}]},"cave.wind":{"replace":false,"sounds":[{"name":"mambience:ambient/cave/wind1","attenuation_distance":100},{"name":"mambience:ambient/cave/wind2","attenuation_distance":100}]},"cave.wood":{"replace":false,"sounds":[{"name":"mambience:ambient/cave/wood1","attenuation_distance":100},{"name":"mambience:ambient/cave/wood2","attenuation_distance":100},{"name":"mambience:ambient/cave/wood3","attenuation_distance":100},{"name":"mambience:ambient/cave/wood4","attenuation_distance":100},{"name":"mambience:ambient/cave/wood5","attenuation_distance":100},{"name":"mambience:ambient/cave/wood6","attenuation_distance":100},{"name":"mambience:ambient/cave/wood7","attenuation_distance":100},{"name":"mambience:ambient/cave/wood8","attenuation_distance":100},{"name":"mambience:ambient/cave/wood9","attenuation_distance":100},{"name":"mambience:ambient/cave/wooda","attenuation_distance":100},{"name":"mambience:ambient/cave/woodb","attenuation_distance":100}]},"desert.cicada":{"replace":false,"sounds":[{"name":"mambience:ambient/desert/cicada1","attenuation_distance":100},{"name":"mambience:ambient/desert/cicada2","attenuation_distance":100},{"name":"mambience:ambient/desert/cicada3","attenuation_distance":100},{"name":"mambience:ambient/desert/cicada4","attenuation_distance":100},{"name":"mambience:ambient/desert/cicada5","attenuation_distance":100},{"name":"mambience:ambient/desert/cicada6","attenuation_distance":100},{"name":"mambience:ambient/desert/cicada7","attenuation_distance":100},{"name":"mambience:ambient/desert/cicada8","attenuation_distance":100}]},"desert.day":{"replace":false,"sounds":[{"name":"mambience:ambient/desert/day1","attenuation_distance":100},{"name":"mambience:ambient/desert/day2","attenuation_distance":100},{"name":"mambience:ambient/desert/day3","attenuation_distance":100},{"name":"mambience:ambient/desert/day4","attenuation_distance":100},{"name":"mambience:ambient/desert/day5","attenuation_distance":100},{"name":"mambience:ambient/desert/day6","attenuation_distance":100}]},"desert.night":{"replace":false,"sounds":[{"name":"mambience:ambient/desert/night1","attenuation_distance":100},{"name":"mambience:ambient/desert/night2","attenuation_distance":100},{"name":"mambience:ambient/desert/night3","attenuation_distance":100},{"name":"mambience:ambient/desert/night4","attenuation_distance":100},{"name":"mambience:ambient/desert/night5","attenuation_distance":100},{"name":"mambience:ambient/desert/night6","attenuation_distance":100},{"name":"mambience:ambient/desert/night7","attenuation_distance":100}]},"end.dragon":{"replace":false,"sounds":[{"name":"mambience:ambient/end/dragon1","attenuation_distance":100},{"name":"mambience:ambient/end/dragon2","attenuation_distance":100},{"name":"mambience:ambient/end/dragon3","attenuation_distance":100},{"name":"mambience:ambient/end/dragon4","attenuation_distance":100},{"name":"mambience:ambient/end/dragon5","attenuation_distance":100},{"name":"mambience:ambient/end/dragon6","attenuation_distance":100},{"name":"mambience:ambient/end/dragon7","attenuation_distance":100},{"name":"mambience:ambient/end/dragon8","attenuation_distance":100},{"name":"mambience:ambient/end/dragon9","attenuation_distance":100}]},"end.loop":{"replace":false,"sounds":[{"name":"mambience:ambient/end/loop1","attenuation_distance":100},{"name":"mambience:ambient/end/loop2","attenuation_distance":100},{"name":"mambience:ambient/end/loop3","attenuation_distance":100},{"name":"mambience:ambient/end/loop4","attenuation_distance":100},{"name":"mambience:ambient/end/loop5","attenuation_distance":100},{"name":"mambience:ambient/end/loop6","attenuation_distance":100},{"name":"mambience:ambient/end/loop7","attenuation_distance":100},{"name":"mambience:ambient/end/loop8","attenuation_distance":100}]},"forest.bird":{"replace":false,"sounds":[{"name":"mambience:ambient/forest/bird/bird1","attenuation_distance":100},{"name":"mambience:ambient/forest/bird/bird2","attenuation_distance":100},{"name":"mambience:ambient/forest/bird/bird3","attenuation_distance":100},{"name":"mambience:ambient/forest/bird/bird4","attenuation_distance":100},{"name":"mambience:ambient/forest/bird/bird5","attenuation_distance":100},{"name":"mambience:ambient/forest/bird/bird6","attenuation_distance":100},{"name":"mambience:ambient/forest/bird/bird7","attenuation_distance":100},{"name":"mambience:ambient/forest/bird/bird8","attenuation_distance":100},{"name":"mambience:ambient/forest/bird/blue_bird1","attenuation_distance":100},{"name":"mambience:ambient/forest/bird/blue_bird2","attenuation_distance":100},{"name":"mambience:ambient/forest/bird/blue_bird3","attenuation_distance":100},{"name":"mambience:ambient/forest/bird/chickadee1","attenuation_distance":100},{"name":"mambience:ambient/forest/bird/chickadee2","attenuation_distance":100},{"name":"mambience:ambient/forest/bird/chickadee3","attenuation_distance":100},{"name":"mambience:ambient/forest/bird/chickadee4","attenuation_distance":100},{"name":"mambience:ambient/forest/bird/leaf_warbler1","attenuation_distance":100},{"name":"mambience:ambient/forest/bird/leaf_warbler2","attenuation_distance":100},{"name":"mambience:ambient/forest/bird/shrike1","attenuation_distance":100},{"name":"mambience:ambient/forest/bird/shrike2","attenuation_distance":100}]},"forest.cuckoo":{"replace":false,"sounds":[{"name":"mambience:ambient/forest/bird/cuckoo","attenuation_distance":100}]},"forest.deepbird":{"replace":false,"sounds":[{"name":"mambience:ambient/forest/bird/deep_birds1","attenuation_distance":100},{"name":"mambience:ambient/forest/bird/deep_birds2","attenuation_distance":100},{"name":"mambience:ambient/forest/bird/deep_birds3","attenuation_distance":100},{"name":"mambience:ambient/forest/bird/deep_birds4","attenuation_distance":100},{"name":"mambience:ambient/forest/bird/deep_birds5","attenuation_distance":100},{"name":"mambience:ambient/forest/bird/mockingbird1","attenuation_distance":100},{"name":"mambience:ambient/forest/bird/mockingbird2","attenuation_distance":100},{"name":"mambience:ambient/forest/bird/mockingbird3","attenuation_distance":100},{"name":"mambience:ambient/forest/bird/mockingbird4","attenuation_distance":100},{"name":"mambience:ambient/forest/bird/mockingbird5","attenuation_distance":100},{"name":"mambience:ambient/forest/bird/mockingbird6","attenuation_distance":100},{"name":"mambience:ambient/forest/bird/mockingbird7","attenuation_distance":100}]},"forest.evening":{"replace":false,"sounds":[{"name":"mambience:ambient/forest/evening1","attenuation_distance":100},{"name":"mambience:ambient/forest/evening2","attenuation_distance":100},{"name":"mambience:ambient/forest/evening3","attenuation_distance":100},{"name":"mambience:ambient/forest/evening4","attenuation_distance":100},{"name":"mambience:ambient/forest/evening5","attenuation_distance":100},{"name":"mambience:ambient/forest/evening6","attenuation_distance":100}]},"forest.day":{"replace":false,"sounds":[{"name":"mambience:ambient/forest/day1","attenuation_distance":100},{"name":"mambience:ambient/forest/day2","attenuation_distance":100},{"name":"mambience:ambient/forest/day3","attenuation_distance":100},{"name":"mambience:ambient/forest/day4","attenuation_distance":100},{"name":"mambience:ambient/forest/day5","attenuation_distance":100},{"name":"mambience:ambient/forest/day6","attenuation_distance":100},{"name":"mambience:ambient/forest/day7","attenuation_distance":100},{"name":"mambience:ambient/forest/day8","attenuation_distance":100},{"name":"mambience:ambient/forest/day9","attenuation_distance":100},{"name":"mambience:ambient/forest/daya","attenuation_distance":100}]},"forest.morning":{"replace":false,"sounds":[{"name":"mambience:ambient/forest/morning1","attenuation_distance":100},{"name":"mambience:ambient/forest/morning2","attenuation_distance":100},{"name":"mambience:ambient/forest/morning3","attenuation_distance":100},{"name":"mambience:ambient/forest/morning4","attenuation_distance":100},{"name":"mambience:ambient/forest/morning5","attenuation_distance":100},{"name":"mambience:ambient/forest/morning6","attenuation_distance":100},{"name":"mambience:ambient/forest/morning7","attenuation_distance":100},{"name":"mambience:ambient/forest/morning8","attenuation_distance":100}]},"forest.night":{"replace":false,"sounds":[{"name":"mambience:ambient/forest/night1","attenuation_distance":100},{"name":"mambience:ambient/forest/night2","attenuation_distance":100},{"name":"mambience:ambient/forest/night3","attenuation_distance":100},{"name":"mambience:ambient/forest/night4","attenuation_distance":100},{"name":"mambience:ambient/forest/night5","attenuation_distance":100},{"name":"mambience:ambient/forest/night6","attenuation_distance":100}]},"forest.woodpecker":{"replace":false,"sounds":[{"name":"mambience:ambient/forest/bird/woodpecker1","attenuation_distance":100},{"name":"mambience:ambient/forest/bird/woodpecker2","attenuation_distance":100},{"name":"mambience:ambient/forest/bird/woodpecker3","attenuation_distance":100}]},"forest.wind":{"replace":false,"sounds":[{"name":"mambience:ambient/forest/wind1","attenuation_distance":100},{"name":"mambience:ambient/forest/wind2","attenuation_distance":100},{"name":"mambience:ambient/forest/wind3","attenuation_distance":100},{"name":"mambience:ambient/forest/wind4","attenuation_distance":100},{"name":"mambience:ambient/forest/wind5","attenuation_distance":100}]},"hell.explode":{"replace":false,"sounds":[{"name":"mambience:ambient/hell/expl1","attenuation_distance":100},{"name":"mambience:ambient/hell/expl2","attenuation_distance":100},{"name":"mambience:ambient/hell/expl3","attenuation_distance":100},{"name":"mambience:ambient/hell/expl4","attenuation_distance":100},{"name":"mambience:ambient/hell/expl5","attenuation_distance":100},{"name":"mambience:ambient/hell/expl6","attenuation_distance":100},{"name":"mambience:ambient/hell/expl7","attenuation_distance":100}]},"hell.heartbeat":{"replace":false,"sounds":[{"name":"mambience:ambient/hell/heartbeat","attenuation_distance":100}]},"hell.fx1":{"replace":false,"sounds":[{"name":"mambience:ambient/hell/hellp1","attenuation_distance":100},{"name":"mambience:ambient/hell/hellp2","attenuation_distance":100},{"name":"mambience:ambient/hell/hellp3","attenuation_distance":100},{"name":"mambience:ambient/hell/hellp4","attenuation_distance":100},{"name":"mambience:ambient/hell/hellp5","attenuation_distance":100},{"name":"mambience:ambient/hell/hellp6","attenuation_distance":100},{"name":"mambience:ambient/hell/hellp7","attenuation_distance":100}]},"hell.fx2":{"replace":false,"sounds":[{"name":"mambience:ambient/hell/hellx1","attenuation_distance":100},{"name":"mambience:ambient/hell/hellx2","attenuation_distance":100},{"name":"mambience:ambient/hell/hellx3","attenuation_distance":100},{"name":"mambience:ambient/hell/hellx4","attenuation_distance":100},{"name":"mambience:ambient/hell/hellx5","attenuation_distance":100},{"name":"mambience:ambient/hell/hellx6","attenuation_distance":100}]},"hell.soulsand":{"replace":false,"sounds":[{"name":"mambience:ambient/hell/soul1","attenuation_distance":100},{"name":"mambience:ambient/hell/soul2","attenuation_distance":100},{"name":"mambience:ambient/hell/soul3","attenuation_distance":100},{"name":"mambience:ambient/hell/soul4","attenuation_distance":100}]},"hell.laugher":{"replace":false,"sounds":[{"name":"mambience:ambient/hell/laugher","attenuation_distance":100}]},"hell.scream":{"replace":false,"sounds":[{"name":"mambience:ambient/hell/scream1","attenuation_distance":100},{"name":"mambience:ambient/hell/scream2","attenuation_distance":100}]},"hell.wind":{"replace":false,"sounds":[{"name":"mambience:ambient/hell/wind1","attenuation_distance":100},{"name":"mambience:ambient/hell/wind2","attenuation_distance":100},{"name":"mambience:ambient/hell/wind3","attenuation_distance":100},{"name":"mambience:ambient/hell/wind4","attenuation_distance":100},{"name":"mambience:ambient/hell/wind5","attenuation_distance":100},{"name":"mambience:ambient/hell/wind6","attenuation_distance":100},{"name":"mambience:ambient/hell/wind7","attenuation_distance":100},{"name":"mambience:ambient/hell/wind8","attenuation_distance":100},{"name":"mambience:ambient/hell/wind9","attenuation_distance":100},{"name":"mambience:ambient/hell/winda","attenuation_distance":100},{"name":"mambience:ambient/hell/windb","attenuation_distance":100},{"name":"mambience:ambient/hell/windc","attenuation_distance":100},{"name":"mambience:ambient/hell/windd","attenuation_distance":100},{"name":"mambience:ambient/hell/winde","attenuation_distance":100}]},"hell.fx3":{"replace":false,"sounds":[{"name":"mambience:ambient/hell/hellq1","attenuation_distance":100},{"name":"mambience:ambient/hell/hellq2","attenuation_distance":100},{"name":"mambience:ambient/hell/hellq3","attenuation_distance":100},{"name":"mambience:ambient/hell/hellq4","attenuation_distance":100},{"name":"mambience:ambient/hell/hellq5","attenuation_distance":100},{"name":"mambience:ambient/hell/hellq6","attenuation_distance":100},{"name":"mambience:ambient/hell/hellq7","attenuation_distance":100},{"name":"mambience:ambient/hell/hellq8","attenuation_distance":100}]},"hell.wisper":{"replace":false,"sounds":[{"name":"mambience:ambient/hell/wisper1","attenuation_distance":100},{"name":"mambience:ambient/hell/wisper2","attenuation_distance":100},{"name":"mambience:ambient/hell/wisper7","attenuation_distance":100},{"name":"mambience:ambient/hell/wisper8","attenuation_distance":100}]},"jungle.day":{"replace":false,"sounds":[{"name":"mambience:ambient/jungle/day1","attenuation_distance":100},{"name":"mambience:ambient/jungle/day2","attenuation_distance":100},{"name":"mambience:ambient/jungle/day3","attenuation_distance":100},{"name":"mambience:ambient/jungle/day4","attenuation_distance":100},{"name":"mambience:ambient/jungle/day5","attenuation_distance":100},{"name":"mambience:ambient/jungle/day6","attenuation_distance":100},{"name":"mambience:ambient/jungle/day7","attenuation_distance":100},{"name":"mambience:ambient/jungle/day8","attenuation_distance":100},{"name":"mambience:ambient/jungle/day9","attenuation_distance":100},{"name":"mambience:ambient/jungle/daya","attenuation_distance":100},{"name":"mambience:ambient/jungle/dayb","attenuation_distance":100},{"name":"mambience:ambient/jungle/dayc","attenuation_distance":100},{"name":"mambience:ambient/jungle/dayd","attenuation_distance":100},{"name":"mambience:ambient/jungle/daye","attenuation_distance":100},{"name":"mambience:ambient/jungle/dayf","attenuation_distance":100}]},"jungle.fx1":{"replace":false,"sounds":[{"name":"mambience:ambient/jungle/fxa1","attenuation_distance":100},{"name":"mambience:ambient/jungle/fxa2","attenuation_distance":100},{"name":"mambience:ambient/jungle/fxa3","attenuation_distance":100},{"name":"mambience:ambient/jungle/fxa4","attenuation_distance":100},{"name":"mambience:ambient/jungle/fxa5","attenuation_distance":100},{"name":"mambience:ambient/jungle/fxa6","attenuation_distance":100},{"name":"mambience:ambient/jungle/fxa7","attenuation_distance":100},{"name":"mambience:ambient/jungle/fxa8","attenuation_distance":100}]},"jungle.fx2":{"replace":false,"sounds":[{"name":"mambience:ambient/jungle/fxb1","attenuation_distance":100},{"name":"mambience:ambient/jungle/fxb2","attenuation_distance":100},{"name":"mambience:ambient/jungle/fxb3","attenuation_distance":100},{"name":"mambience:ambient/jungle/fxb4","attenuation_distance":100},{"name":"mambience:ambient/jungle/fxb5","attenuation_distance":100},{"name":"mambience:ambient/jungle/fxb6","attenuation_distance":100},{"name":"mambience:ambient/jungle/fxb7","attenuation_distance":100},{"name":"mambience:ambient/jungle/fxb8","attenuation_distance":100},{"name":"mambience:ambient/jungle/fxb9","attenuation_distance":100},{"name":"mambience:ambient/jungle/fxba","attenuation_distance":100},{"name":"mambience:ambient/jungle/fxbb","attenuation_distance":100},{"name":"mambience:ambient/jungle/fxbc","attenuation_distance":100}]},"jungle.gibbon":{"replace":false,"sounds":[{"name":"mambience:ambient/jungle/gibbon1","attenuation_distance":100},{"name":"mambience:ambient/jungle/gibbon2","attenuation_distance":100},{"name":"mambience:ambient/jungle/gibbon3","attenuation_distance":100},{"name":"mambience:ambient/jungle/gibbon4","attenuation_distance":100}]},"jungle.bird":{"replace":false,"sounds":[{"name":"mambience:ambient/jungle/bird/jungle_bird1","attenuation_distance":100},{"name":"mambience:ambient/jungle/bird/jungle_bird2","attenuation_distance":100},{"name":"mambience:ambient/jungle/bird/jungle_bird3","attenuation_distance":100},{"name":"mambience:ambient/jungle/bird/jungle_bird4","attenuation_distance":100},{"name":"mambience:ambient/jungle/bird/jungle_bird5","attenuation_distance":100},{"name":"mambience:ambient/jungle/bird/jungle_bird6","attenuation_distance":100},{"name":"mambience:ambient/jungle/bird/jungle_bird7","attenuation_distance":100},{"name":"mambience:ambient/jungle/bird/jungle_bird8","attenuation_distance":100},{"name":"mambience:ambient/jungle/bird/jungle_bird9","attenuation_distance":100},{"name":"mambience:ambient/jungle/bird/jungle_birda","attenuation_distance":100},{"name":"mambience:ambient/jungle/bird/greater_racket_tailed_drongo1","attenuation_distance":100},{"name":"mambience:ambient/jungle/bird/greater_racket_tailed_drongo2","attenuation_distance":100},{"name":"mambience:ambient/jungle/bird/grey_cheeked_bulbul1","attenuation_distance":100},{"name":"mambience:ambient/jungle/bird/grey_cheeked_bulbul2","attenuation_distance":100},{"name":"mambience:ambient/jungle/bird/hill_myna1","attenuation_distance":100},{"name":"mambience:ambient/jungle/bird/hill_myna2","attenuation_distance":100},{"name":"mambience:ambient/jungle/bird/wonga_pigeon","attenuation_distance":100}]},"jungle.night":{"replace":false,"sounds":[{"name":"mambience:ambient/jungle/night1","attenuation_distance":100},{"name":"mambience:ambient/jungle/night2","attenuation_distance":100},{"name":"mambience:ambient/jungle/night3","attenuation_distance":100},{"name":"mambience:ambient/jungle/night4","attenuation_distance":100},{"name":"mambience:ambient/jungle/night5","attenuation_distance":100},{"name":"mambience:ambient/jungle/night6","attenuation_distance":100},{"name":"mambience:ambient/jungle/night7","attenuation_distance":100},{"name":"mambience:ambient/jungle/night8","attenuation_distance":100}]},"jungle.fxnight":{"replace":false,"sounds":[{"name":"mambience:ambient/jungle/nightfx1","attenuation_distance":100},{"name":"mambience:ambient/jungle/nightfx2","attenuation_distance":100},{"name":"mambience:ambient/jungle/nightfx3","attenuation_distance":100},{"name":"mambience:ambient/jungle/nightfx4","attenuation_distance":100},{"name":"mambience:ambient/jungle/nightfx5","attenuation_distance":100},{"name":"mambience:ambient/jungle/nightfx6","attenuation_distance":100},{"name":"mambience:ambient/jungle/nightfx7","attenuation_distance":100},{"name":"mambience:ambient/jungle/nightfx8","attenuation_distance":100},{"name":"mambience:ambient/jungle/nightfx9","attenuation_distance":100},{"name":"mambience:ambient/jungle/nightfxa","attenuation_distance":100},{"name":"mambience:ambient/jungle/nightfxb","attenuation_distance":100},{"name":"mambience:ambient/jungle/nightfxc","attenuation_distance":100}]},"lava.underlava":{"replace":false,"sounds":[{"name":"mambience:ambient/lava/in1","attenuation_distance":100},{"name":"mambience:ambient/lava/in2","attenuation_distance":100},{"name":"mambience:ambient/lava/in3","attenuation_distance":100},{"name":"mambience:ambient/lava/in4","attenuation_distance":100},{"name":"mambience:ambient/lava/in5","attenuation_distance":100},{"name":"mambience:ambient/lava/in6","attenuation_distance":100},{"name":"mambience:ambient/lava/in7","attenuation_distance":100},{"name":"mambience:ambient/lava/in8","attenuation_distance":100},{"name":"mambience:ambient/lava/in9","attenuation_distance":100},{"name":"mambience:ambient/lava/ina","attenuation_distance":100},{"name":"mambience:ambient/lava/inb","attenuation_distance":100},{"name":"mambience:ambient/lava/inc","attenuation_distance":100}]},"lava.plop":{"replace":false,"sounds":[{"name":"mambience:ambient/lava/lavaplop1","attenuation_distance":100},{"name":"mambience:ambient/lava/lavaplop2","attenuation_distance":100},{"name":"mambience:ambient/lava/lavaplop3","attenuation_distance":100}]},"lava.nearlava":{"replace":false,"sounds":[{"name":"mambience:ambient/lava/out1","attenuation_distance":100},{"name":"mambience:ambient/lava/out2","attenuation_distance":100},{"name":"mambience:ambient/lava/out3","attenuation_distance":100},{"name":"mambience:ambient/lava/out4","attenuation_distance":100},{"name":"mambience:ambient/lava/out5","attenuation_distance":100},{"name":"mambience:ambient/lava/out6","attenuation_distance":100},{"name":"mambience:ambient/lava/out7","attenuation_distance":100},{"name":"mambience:ambient/lava/out8","attenuation_distance":100}]},"mountain.eagle":{"replace":false,"sounds":[{"name":"mambience:ambient/mountain/eagle_screech","attenuation_distance":100}]},"mountain.highaltitude":{"replace":false,"sounds":[{"name":"mambience:ambient/mountain/highaltitude1","attenuation_distance":100},{"name":"mambience:ambient/mountain/highaltitude2","attenuation_distance":100},{"name":"mambience:ambient/mountain/highaltitude3","attenuation_distance":100},{"name":"mambience:ambient/mountain/highaltitude4","attenuation_distance":100},{"name":"mambience:ambient/mountain/highaltitude5","attenuation_distance":100},{"name":"mambience:ambient/mountain/highaltitude6","attenuation_distance":100},{"name":"mambience:ambient/mountain/highaltitude7","attenuation_distance":100},{"name":"mambience:ambient/mountain/highaltitude8","attenuation_distance":100}]},"plains.evening":{"replace":false,"sounds":[{"name":"mambience:ambient/plains/evening1","attenuation_distance":100},{"name":"mambience:ambient/plains/evening2","attenuation_distance":100},{"name":"mambience:ambient/plains/evening3","attenuation_distance":100},{"name":"mambience:ambient/plains/evening4","attenuation_distance":100}]},"plains.day":{"replace":false,"sounds":[{"name":"mambience:ambient/plains/day1","attenuation_distance":100},{"name":"mambience:ambient/plains/day2","attenuation_distance":100},{"name":"mambience:ambient/plains/day3","attenuation_distance":100},{"name":"mambience:ambient/plains/day4","attenuation_distance":100},{"name":"mambience:ambient/plains/day5","attenuation_distance":100},{"name":"mambience:ambient/plains/day6","attenuation_distance":100},{"name":"mambience:ambient/plains/day7","attenuation_distance":100},{"name":"mambience:ambient/plains/day8","attenuation_distance":100}]},"plains.night":{"replace":false,"sounds":[{"name":"mambience:ambient/plains/night1","attenuation_distance":100},{"name":"mambience:ambient/plains/night2","attenuation_distance":100},{"name":"mambience:ambient/plains/night3","attenuation_distance":100},{"name":"mambience:ambient/plains/night4","attenuation_distance":100},{"name":"mambience:ambient/plains/night5","attenuation_distance":100},{"name":"mambience:ambient/plains/night6","attenuation_distance":100},{"name":"mambience:ambient/plains/night7","attenuation_distance":100},{"name":"mambience:ambient/plains/night8","attenuation_distance":100}]},"plains.windinside":{"replace":false,"sounds":[{"name":"mambience:ambient/plains/windinside1","attenuation_distance":100},{"name":"mambience:ambient/plains/windinside2","attenuation_distance":100},{"name":"mambience:ambient/plains/windinside3","attenuation_distance":100}]},"plains.wind":{"replace":false,"sounds":[{"name":"mambience:ambient/plains/wind1","attenuation_distance":100},{"name":"mambience:ambient/plains/wind1","attenuation_distance":100},{"name":"mambience:ambient/plains/wind1","attenuation_distance":100},{"name":"mambience:ambient/plains/wind1","attenuation_distance":100}]},"rain.inside":{"replace":false,"sounds":[{"name":"mambience:ambient/rain/inside1","attenuation_distance":100},{"name":"mambience:ambient/rain/inside2","attenuation_distance":100},{"name":"mambience:ambient/rain/inside3","attenuation_distance":100},{"name":"mambience:ambient/rain/inside4","attenuation_distance":100},{"name":"mambience:ambient/rain/inside5","attenuation_distance":100},{"name":"mambience:ambient/rain/inside6","attenuation_distance":100}]},"rain.outside":{"replace":false,"sounds":[{"name":"mambience:ambient/rain/outside1","attenuation_distance":100},{"name":"mambience:ambient/rain/outside2","attenuation_distance":100},{"name":"mambience:ambient/rain/outside3","attenuation_distance":100},{"name":"mambience:ambient/rain/outside4","attenuation_distance":100},{"name":"mambience:ambient/rain/outside5","attenuation_distance":100},{"name":"mambience:ambient/rain/outside6","attenuation_distance":100},{"name":"mambience:ambient/rain/outside7","attenuation_distance":100}]},"rain.tree":{"replace":false,"sounds":[{"name":"mambience:ambient/rain/tree1","attenuation_distance":100},{"name":"mambience:ambient/rain/tree2","attenuation_distance":100},{"name":"mambience:ambient/rain/tree3","attenuation_distance":100},{"name":"mambience:ambient/rain/tree4","attenuation_distance":100},{"name":"mambience:ambient/rain/tree5","attenuation_distance":100},{"name":"mambience:ambient/rain/tree6","attenuation_distance":100}]},"rain.distantthunder":{"replace":false,"sounds":[{"name":"mambience:ambient/rain/distant_thunder1","attenuation_distance":100},{"name":"mambience:ambient/rain/distant_thunder2","attenuation_distance":100},{"name":"mambience:ambient/rain/distant_thunder3","attenuation_distance":100},{"name":"mambience:ambient/rain/distant_thunder4","attenuation_distance":100},{"name":"mambience:ambient/rain/distant_thunder5","attenuation_distance":100}]},"savanna.bird":{"replace":false,"sounds":[{"name":"mambience:ambient/savanna/savanna_bird1","attenuation_distance":100},{"name":"mambience:ambient/savanna/savanna_bird2","attenuation_distance":100},{"name":"mambience:ambient/savanna/brush_wattlebird1","attenuation_distance":100},{"name":"mambience:ambient/savanna/brush_wattlebird2","attenuation_distance":100},{"name":"mambience:ambient/savanna/brush_wattlebird3","attenuation_distance":100},{"name":"mambience:ambient/savanna/plumb_headed_finch1","attenuation_distance":100},{"name":"mambience:ambient/savanna/plumb_headed_finch2","attenuation_distance":100},{"name":"mambience:ambient/savanna/plumb_headed_finch3","attenuation_distance":100},{"name":"mambience:ambient/savanna/plumb_headed_finch4","attenuation_distance":100},{"name":"mambience:ambient/savanna/plumb_headed_finch5","attenuation_distance":100}]},"seaside.bird":{"replace":false,"sounds":[{"name":"mambience:ambient/seaside/coastbird1","attenuation_distance":100},{"name":"mambience:ambient/seaside/coastbird2","attenuation_distance":100},{"name":"mambience:ambient/seaside/coastbird3","attenuation_distance":100},{"name":"mambience:ambient/seaside/coastbird4","attenuation_distance":100},{"name":"mambience:ambient/seaside/coastbird5","attenuation_distance":100},{"name":"mambience:ambient/seaside/coastbird6","attenuation_distance":100},{"name":"mambience:ambient/seaside/coastbird7","attenuation_distance":100},{"name":"mambience:ambient/seaside/gull1","attenuation_distance":100},{"name":"mambience:ambient/seaside/gull2","attenuation_distance":100},{"name":"mambience:ambient/seaside/gull3","attenuation_distance":100}]},"seaside.oceaninside":{"replace":false,"sounds":[{"name":"mambience:ambient/seaside/seainside1","attenuation_distance":100},{"name":"mambience:ambient/seaside/seainside2","attenuation_distance":100},{"name":"mambience:ambient/seaside/seainside3","attenuation_distance":100},{"name":"mambience:ambient/seaside/seainside4","attenuation_distance":100}]},"seaside.ocean":{"replace":false,"sounds":[{"name":"mambience:ambient/seaside/sea1","attenuation_distance":100},{"name":"mambience:ambient/seaside/sea2","attenuation_distance":100},{"name":"mambience:ambient/seaside/sea3","attenuation_distance":100},{"name":"mambience:ambient/seaside/sea4","attenuation_distance":100},{"name":"mambience:ambient/seaside/sea5","attenuation_distance":100},{"name":"mambience:ambient/seaside/sea6","attenuation_distance":100},{"name":"mambience:ambient/seaside/sea7","attenuation_distance":100},{"name":"mambience:ambient/seaside/sea8","attenuation_distance":100},{"name":"mambience:ambient/seaside/sea9","attenuation_distance":100},{"name":"mambience:ambient/seaside/seaa","attenuation_distance":100},{"name":"mambience:ambient/seaside/seab","attenuation_distance":100}]},"seaside.underwater":{"replace":false,"sounds":[{"name":"mambience:ambient/seaside/water_underwater_loop","attenuation_distance":100}]},"seaside.whale":{"replace":false,"sounds":[{"name":"mambience:ambient/seaside/whale1","attenuation_distance":100},{"name":"mambience:ambient/seaside/whale2","attenuation_distance":100}]},"seaside.wood":{"replace":false,"sounds":[{"name":"mambience:ambient/seaside/wood","attenuation_distance":100}]},"snow.cracks":{"replace":false,"sounds":[{"name":"mambience:ambient/snow/cracks1","attenuation_distance":100},{"name":"mambience:ambient/snow/cracks2","attenuation_distance":100},{"name":"mambience:ambient/snow/cracks3","attenuation_distance":100},{"name":"mambience:ambient/snow/cracks4","attenuation_distance":100},{"name":"mambience:ambient/snow/cracks5","attenuation_distance":100},{"name":"mambience:ambient/snow/cracks6","attenuation_distance":100},{"name":"mambience:ambient/snow/cracks7","attenuation_distance":100},{"name":"mambience:ambient/snow/cracks8","attenuation_distance":100}]},"snow.crows":{"replace":false,"sounds":[{"name":"mambience:ambient/snow/crow1","attenuation_distance":100},{"name":"mambience:ambient/snow/crow2","attenuation_distance":100},{"name":"mambience:ambient/snow/crow3","attenuation_distance":100},{"name":"mambience:ambient/snow/crow4","attenuation_distance":100},{"name":"mambience:ambient/snow/crow5","attenuation_distance":100}]},"snow.forest":{"replace":false,"sounds":[{"name":"mambience:ambient/snow/forest1","attenuation_distance":100},{"name":"mambience:ambient/snow/forest2","attenuation_distance":100},{"name":"mambience:ambient/snow/forest3","attenuation_distance":100},{"name":"mambience:ambient/snow/forest4","attenuation_distance":100},{"name":"mambience:ambient/snow/forest5","attenuation_distance":100},{"name":"mambience:ambient/snow/forest6","attenuation_distance":100},{"name":"mambience:ambient/snow/forest7","attenuation_distance":100},{"name":"mambience:ambient/snow/forest8","attenuation_distance":100}]},"snow.howl":{"replace":false,"sounds":[{"name":"mambience:ambient/snow/howl1","attenuation_distance":100},{"name":"mambience:ambient/snow/howl2","attenuation_distance":100},{"name":"mambience:ambient/snow/howl3","attenuation_distance":100},{"name":"mambience:ambient/snow/howl4","attenuation_distance":100}]},"snow.mountain":{"replace":false,"sounds":[{"name":"mambience:ambient/snow/mountain1","attenuation_distance":100},{"name":"mambience:ambient/snow/mountain2","attenuation_distance":100},{"name":"mambience:ambient/snow/mountain3","attenuation_distance":100},{"name":"mambience:ambient/snow/mountain4","attenuation_distance":100},{"name":"mambience:ambient/snow/mountain5","attenuation_distance":100},{"name":"mambience:ambient/snow/mountain6","attenuation_distance":100},{"name":"mambience:ambient/snow/mountain7","attenuation_distance":100},{"name":"mambience:ambient/snow/mountain8","attenuation_distance":100}]},"snow.plains":{"replace":false,"sounds":[{"name":"mambience:ambient/snow/plains1","attenuation_distance":100},{"name":"mambience:ambient/snow/plains2","attenuation_distance":100},{"name":"mambience:ambient/snow/plains3","attenuation_distance":100},{"name":"mambience:ambient/snow/plains4","attenuation_distance":100},{"name":"mambience:ambient/snow/plains5","attenuation_distance":100},{"name":"mambience:ambient/snow/plains6","attenuation_distance":100}]},"snow.wind1":{"replace":false,"sounds":[{"name":"mambience:ambient/snow/winda1","attenuation_distance":100},{"name":"mambience:ambient/snow/winda2","attenuation_distance":100},{"name":"mambience:ambient/snow/winda3","attenuation_distance":100},{"name":"mambience:ambient/snow/winda4","attenuation_distance":100},{"name":"mambience:ambient/snow/winda5","attenuation_distance":100},{"name":"mambience:ambient/snow/winda6","attenuation_distance":100},{"name":"mambience:ambient/snow/winda7","attenuation_distance":100},{"name":"mambience:ambient/snow/winda8","attenuation_distance":100},{"name":"mambience:ambient/snow/winda9","attenuation_distance":100}]},"snow.wind2":{"replace":false,"sounds":[{"name":"mambience:ambient/snow/windb1","attenuation_distance":100},{"name":"mambience:ambient/snow/windb2","attenuation_distance":100},{"name":"mambience:ambient/snow/windb3","attenuation_distance":100},{"name":"mambience:ambient/snow/windb4","attenuation_distance":100}]},"snow.windnight":{"replace":false,"sounds":[{"name":"mambience:ambient/snow/windnight1","attenuation_distance":100},{"name":"mambience:ambient/snow/windnight2","attenuation_distance":100},{"name":"mambience:ambient/snow/windnight3","attenuation_distance":100},{"name":"mambience:ambient/snow/windnight4","attenuation_distance":100}]},"swamp.bird":{"replace":false,"sounds":[{"name":"mambience:ambient/swamp/bird/blackbird","attenuation_distance":100},{"name":"mambience:ambient/swamp/bird/killdeer","attenuation_distance":100},{"name":"mambience:ambient/swamp/bird/whippoorwill","attenuation_distance":100},{"name":"mambience:ambient/swamp/bird/wren","attenuation_distance":100}]},"swamp.duck":{"replace":false,"sounds":[{"name":"mambience:ambient/swamp/duck1","attenuation_distance":100},{"name":"mambience:ambient/swamp/duck2","attenuation_distance":100}]},"swamp.frog":{"replace":false,"sounds":[{"name":"mambience:ambient/swamp/frog1","attenuation_distance":100},{"name":"mambience:ambient/swamp/frog2","attenuation_distance":100},{"name":"mambience:ambient/swamp/frog3","attenuation_distance":100},{"name":"mambience:ambient/swamp/frog4","attenuation_distance":100},{"name":"mambience:ambient/swamp/frog5","attenuation_distance":100},{"name":"mambience:ambient/swamp/frog6","attenuation_distance":100},{"name":"mambience:ambient/swamp/frog7","attenuation_distance":100},{"name":"mambience:ambient/swamp/frog8","attenuation_distance":100}]},"swamp.toad":{"replace":false,"sounds":[{"name":"mambience:ambient/swamp/toad1","attenuation_distance":100},{"name":"mambience:ambient/swamp/toad2","attenuation_distance":100},{"name":"mambience:ambient/swamp/toad3","attenuation_distance":100},{"name":"mambience:ambient/swamp/toad4","attenuation_distance":100},{"name":"mambience:ambient/swamp/toad5","attenuation_distance":100},{"name":"mambience:ambient/swamp/toad6","attenuation_distance":100},{"name":"mambience:ambient/swamp/toad7","attenuation_distance":100},{"name":"mambience:ambient/swamp/toad8","attenuation_distance":100},{"name":"mambience:ambient/swamp/toad9","attenuation_distance":100}]},"swamp.day":{"replace":false,"sounds":[{"name":"mambience:ambient/swamp/day1","attenuation_distance":100},{"name":"mambience:ambient/swamp/day2","attenuation_distance":100},{"name":"mambience:ambient/swamp/day3","attenuation_distance":100},{"name":"mambience:ambient/swamp/day4","attenuation_distance":100},{"name":"mambience:ambient/swamp/day5","attenuation_distance":100},{"name":"mambience:ambient/swamp/day6","attenuation_distance":100},{"name":"mambience:ambient/swamp/day7","attenuation_distance":100},{"name":"mambience:ambient/swamp/day8","attenuation_distance":100},{"name":"mambience:ambient/swamp/peepers1","attenuation_distance":100},{"name":"mambience:ambient/swamp/peepers2","attenuation_distance":100}]},"swamp.mosquito":{"replace":false,"sounds":[{"name":"mambience:ambient/swamp/mosquito1","attenuation_distance":100},{"name":"mambience:ambient/swamp/mosquito2","attenuation_distance":100},{"name":"mambience:ambient/swamp/mosquito3","attenuation_distance":100}]},"swamp.night":{"replace":false,"sounds":[{"name":"mambience:ambient/swamp/night1","attenuation_distance":100},{"name":"mambience:ambient/swamp/night2","attenuation_distance":100},{"name":"mambience:ambient/swamp/night3","attenuation_distance":100},{"name":"mambience:ambient/swamp/night4","attenuation_distance":100},{"name":"mambience:ambient/swamp/night5","attenuation_distance":100},{"name":"mambience:ambient/swamp/peepers1","attenuation_distance":100},{"name":"mambience:ambient/swamp/peepers2","attenuation_distance":100}]},"shared.bat":{"replace":false,"sounds":[{"name":"mambience:ambient/shared/bat1","attenuation_distance":100},{"name":"mambience:ambient/shared/bat2","attenuation_distance":100}]},"shared.owl":{"replace":false,"sounds":[{"name":"mambience:ambient/shared/owl1","attenuation_distance":100},{"name":"mambience:ambient/shared/owl2","attenuation_distance":100},{"name":"mambience:ambient/shared/owl3","attenuation_distance":100},{"name":"mambience:ambient/shared/owl4","attenuation_distance":100},{"name":"mambience:ambient/shared/owl5","attenuation_distance":100},{"name":"mambience:ambient/shared/tawny_owl1","attenuation_distance":100},{"name":"mambience:ambient/shared/tawny_owl2","attenuation_distance":100}]},"shared.grasshopper":{"replace":false,"sounds":[{"name":"mambience:ambient/shared/grasshopper1","attenuation_distance":100},{"name":"mambience:ambient/shared/grasshopper2","attenuation_distance":100},{"name":"mambience:ambient/shared/grasshopper3","attenuation_distance":100},{"name":"mambience:ambient/shared/grasshopper4","attenuation_distance":100},{"name":"mambience:ambient/shared/grasshopper5","attenuation_distance":100},{"name":"mambience:ambient/shared/grasshopper6","attenuation_distance":100},{"name":"mambience:ambient/shared/grasshopper7","attenuation_distance":100},{"name":"mambience:ambient/shared/grasshopper8","attenuation_distance":100},{"name":"mambience:ambient/shared/grasshopper9","attenuation_distance":100},{"name":"mambience:ambient/shared/grasshoppera","attenuation_distance":100},{"name":"mambience:ambient/shared/grasshopperb","attenuation_distance":100},{"name":"mambience:ambient/shared/grasshopperc","attenuation_distance":100}]},"shared.critter":{"replace":false,"sounds":[{"name":"mambience:ambient/shared/critter1","attenuation_distance":100},{"name":"mambience:ambient/shared/critter2","attenuation_distance":100},{"name":"mambience:ambient/shared/critter3","attenuation_distance":100},{"name":"mambience:ambient/shared/critter4","attenuation_distance":100},{"name":"mambience:ambient/shared/critter5","attenuation_distance":100},{"name":"mambience:ambient/shared/critter6","attenuation_distance":100},{"name":"mambience:ambient/shared/critter7","attenuation_distance":100},{"name":"mambience:ambient/shared/critter8","attenuation_distance":100}]},"shared.starling":{"replace":false,"sounds":[{"name":"mambience:ambient/shared/bird/starling","attenuation_distance":100}]},"shared.flies":{"replace":false,"sounds":[{"name":"mambience:ambient/shared/flies1","attenuation_distance":100},{"name":"mambience:ambient/shared/flies2","attenuation_distance":100},{"name":"mambience:ambient/shared/flies3","attenuation_distance":100},{"name":"mambience:ambient/shared/flies4","attenuation_distance":100},{"name":"mambience:ambient/shared/flies5","attenuation_distance":100},{"name":"mambience:ambient/shared/flies6","attenuation_distance":100},{"name":"mambience:ambient/shared/flies7","attenuation_distance":100},{"name":"mambience:ambient/shared/flies8","attenuation_distance":100},{"name":"mambience:ambient/shared/flies9","attenuation_distance":100},{"name":"mambience:ambient/shared/fliesa","attenuation_distance":100}]},"shared.sparrow":{"replace":false,"sounds":[{"name":"mambience:ambient/shared/bird/sparrow1","attenuation_distance":100},{"name":"mambience:ambient/shared/bird/sparrow2","attenuation_distance":100},{"name":"mambience:ambient/shared/bird/sparrow3","attenuation_distance":100}]},"shared.bird":{"replace":false,"sounds":[{"name":"mambience:ambient/shared/bird/bird1","attenuation_distance":100},{"name":"mambience:ambient/shared/bird/bird2","attenuation_distance":100},{"name":"mambience:ambient/shared/bird/bird3","attenuation_distance":100},{"name":"mambience:ambient/shared/bird/bird4","attenuation_distance":100},{"name":"mambience:ambient/shared/bird/bird5","attenuation_distance":100},{"name":"mambience:ambient/shared/bird/bird6","attenuation_distance":100},{"name":"mambience:ambient/shared/bird/bird7","attenuation_distance":100},{"name":"mambience:ambient/shared/bird/bird8","attenuation_distance":100},{"name":"mambience:ambient/shared/bird/finch1","attenuation_distance":100},{"name":"mambience:ambient/shared/bird/finch2","attenuation_distance":100},{"name":"mambience:ambient/shared/bird/goldcrest","attenuation_distance":100},{"name":"mambience:ambient/shared/bird/robin","attenuation_distance":100},{"name":"mambience:ambient/shared/bird/willow_tit1","attenuation_distance":100},{"name":"mambience:ambient/shared/bird/willow_tit2","attenuation_distance":100}]},"armor.light_walk":{"replace":false,"sounds":["mambience:footsteps/armor/light_1","mambience:footsteps/armor/light_2","mambience:footsteps/armor/light_3"]},"armor.light_run":{"replace":false,"sounds":["mambience:footsteps/armor/light_1","mambience:footsteps/armor/light_2","mambience:footsteps/armor/light_3"]},"armor.medium_walk":{"replace":false,"sounds":["mambience:footsteps/armor/medium_walk1","mambience:footsteps/armor/medium_walk2","mambience:footsteps/armor/medium_walk3"]},"armor.medium_run":{"replace":false,"sounds":["mambience:footsteps/armor/medium_walk1","mambience:footsteps/armor/medium_walk2","mambience:footsteps/armor/medium_walk3"]},"armor.medium_foot":{"replace":false,"sounds":["mambience:footsteps/armor/medium_walk1","mambience:footsteps/armor/medium_walk2","mambience:footsteps/armor/medium_walk3"]},"armor.crystal_walk":{"replace":false,"sounds":["mambience:footsteps/armor/crystal_walk1","mambience:footsteps/armor/crystal_walk2","mambience:footsteps/armor/crystal_walk3","mambience:footsteps/armor/crystal_walk4","mambience:footsteps/armor/crystal_walk5","mambience:footsteps/armor/crystal_walk6"]},"armor.crystal_run":{"replace":false,"sounds":["mambience:footsteps/armor/crystal_run1","mambience:footsteps/armor/crystal_run2","mambience:footsteps/armor/crystal_run3","mambience:footsteps/armor/crystal_run4","mambience:footsteps/armor/crystal_run5","mambience:footsteps/armor/crystal_run6"]},"armor.crystal_foot":{"replace":false,"sounds":["mambience:footsteps/armor/crystal_foot1","mambience:footsteps/armor/crystal_foot2","mambience:footsteps/armor/crystal_foot3","mambience:footsteps/armor/crystal_foot4"]},"armor.heavy_walk":{"replace":false,"sounds":["mambience:footsteps/armor/heavy_walk1","mambience:footsteps/armor/heavy_walk2","mambience:footsteps/armor/heavy_walk3","mambience:footsteps/armor/heavy_walk4","mambience:footsteps/armor/heavy_walk5","mambience:footsteps/armor/heavy_walk6"]},"armor.heavy_run":{"replace":false,"sounds":["mambience:footsteps/armor/heavy_run1","mambience:footsteps/armor/heavy_run2","mambience:footsteps/armor/heavy_run3","mambience:footsteps/armor/heavy_run4","mambience:footsteps/armor/heavy_run5","mambience:footsteps/armor/heavy_run6","mambience:footsteps/armor/heavy_run7","mambience:footsteps/armor/heavy_run8","mambience:footsteps/armor/heavy_run9"]},"armor.heavy_foot":{"replace":false,"sounds":["mambience:footsteps/armor/heavy_foot1","mambience:footsteps/armor/heavy_foot2","mambience:footsteps/armor/heavy_foot3"]},"armor.slimey_walk":{"replace":false,"sounds":["mambience:footsteps/armor/slime_walk1","mambience:footsteps/armor/slime_walk2","mambience:footsteps/armor/slime_walk3","mambience:footsteps/armor/slime_walk4","mambience:footsteps/armor/slime_walk5","mambience:footsteps/armor/slime_walk6"]},"armor.slimey_run":{"replace":false,"sounds":["mambience:footsteps/armor/slime_run1","mambience:footsteps/armor/slime_run2","mambience:footsteps/armor/slime_run3","mambience:footsteps/armor/slime_run4","mambience:footsteps/armor/slime_run5","mambience:footsteps/armor/slime_run6"]},"bluntwood.bluntwood_walk":{"replace":false,"sounds":["mambience:footsteps/bluntwood/bluntwood_walk1","mambience:footsteps/bluntwood/bluntwood_walk10","mambience:footsteps/bluntwood/bluntwood_walk11","mambience:footsteps/bluntwood/bluntwood_walk2","mambience:footsteps/bluntwood/bluntwood_walk3","mambience:footsteps/bluntwood/bluntwood_walk4","mambience:footsteps/bluntwood/bluntwood_walk5","mambience:footsteps/bluntwood/bluntwood_walk6","mambience:footsteps/bluntwood/bluntwood_walk7","mambience:footsteps/bluntwood/bluntwood_walk8","mambience:footsteps/bluntwood/bluntwood_walk9"]},"bluntwood.bluntwood_wander":{"replace":false,"sounds":["mambience:footsteps/bluntwood/bluntwood_wander1","mambience:footsteps/bluntwood/bluntwood_wander2","mambience:footsteps/bluntwood/bluntwood_wander3","mambience:footsteps/bluntwood/bluntwood_wander4","mambience:footsteps/bluntwood/bluntwood_wander5"]},"brush.brush_through":{"replace":false,"sounds":["mambience:footsteps/brush/brush_through1","mambience:footsteps/brush/brush_through10","mambience:footsteps/brush/brush_through11","mambience:footsteps/brush/brush_through2","mambience:footsteps/brush/brush_through3","mambience:footsteps/brush/brush_through4","mambience:footsteps/brush/brush_through5","mambience:footsteps/brush/brush_through6","mambience:footsteps/brush/brush_through7","mambience:footsteps/brush/brush_through8","mambience:footsteps/brush/brush_through9"]},"concrete.concrete_run":{"replace":false,"sounds":["mambience:footsteps/concrete/concrete_run1","mambience:footsteps/concrete/concrete_run10","mambience:footsteps/concrete/concrete_run11","mambience:footsteps/concrete/concrete_run2","mambience:footsteps/concrete/concrete_run3","mambience:footsteps/concrete/concrete_run4","mambience:footsteps/concrete/concrete_run5","mambience:footsteps/concrete/concrete_run6","mambience:footsteps/concrete/concrete_run7","mambience:footsteps/concrete/concrete_run8","mambience:footsteps/concrete/concrete_run9"]},"concrete.concrete_walk":{"replace":false,"sounds":["mambience:footsteps/concrete/concrete_walk1","mambience:footsteps/concrete/concrete_walk10","mambience:footsteps/concrete/concrete_walk11","mambience:footsteps/concrete/concrete_walk2","mambience:footsteps/concrete/concrete_walk3","mambience:footsteps/concrete/concrete_walk4","mambience:footsteps/concrete/concrete_walk5","mambience:footsteps/concrete/concrete_walk6","mambience:footsteps/concrete/concrete_walk7","mambience:footsteps/concrete/concrete_walk8","mambience:footsteps/concrete/concrete_walk9"]},"concrete.concrete_wander":{"replace":false,"sounds":["mambience:footsteps/concrete/concrete_wander1","mambience:footsteps/concrete/concrete_wander2","mambience:footsteps/concrete/concrete_wander3","mambience:footsteps/concrete/concrete_wander4","mambience:footsteps/concrete/concrete_wander5"]},"deckwood.deckwood_run":{"replace":false,"sounds":["mambience:footsteps/deckwood/deckwood_run1","mambience:footsteps/deckwood/deckwood_run10","mambience:footsteps/deckwood/deckwood_run11","mambience:footsteps/deckwood/deckwood_run2","mambience:footsteps/deckwood/deckwood_run3","mambience:footsteps/deckwood/deckwood_run4","mambience:footsteps/deckwood/deckwood_run5","mambience:footsteps/deckwood/deckwood_run6","mambience:footsteps/deckwood/deckwood_run7","mambience:footsteps/deckwood/deckwood_run8","mambience:footsteps/deckwood/deckwood_run9"]},"dirt.dirt_land":{"replace":false,"sounds":["mambience:footsteps/dirt/dirt_land1","mambience:footsteps/dirt/dirt_land2","mambience:footsteps/dirt/dirt_land3","mambience:footsteps/dirt/dirt_land4"]},"dirt.dirt_run":{"replace":false,"sounds":["mambience:footsteps/dirt/dirt_run1","mambience:footsteps/dirt/dirt_run10","mambience:footsteps/dirt/dirt_run11","mambience:footsteps/dirt/dirt_run2","mambience:footsteps/dirt/dirt_run3","mambience:footsteps/dirt/dirt_run4","mambience:footsteps/dirt/dirt_run5","mambience:footsteps/dirt/dirt_run6","mambience:footsteps/dirt/dirt_run7","mambience:footsteps/dirt/dirt_run8","mambience:footsteps/dirt/dirt_run9"]},"dirt.dirt_walk":{"replace":false,"sounds":["mambience:footsteps/dirt/dirt_walk1","mambience:footsteps/dirt/dirt_walk10","mambience:footsteps/dirt/dirt_walk11","mambience:footsteps/dirt/dirt_walk2","mambience:footsteps/dirt/dirt_walk3","mambience:footsteps/dirt/dirt_walk4","mambience:footsteps/dirt/dirt_walk5","mambience:footsteps/dirt/dirt_walk6","mambience:footsteps/dirt/dirt_walk7","mambience:footsteps/dirt/dirt_walk8","mambience:footsteps/dirt/dirt_walk9"]},"dirt.dirt_wander":{"replace":false,"sounds":["mambience:footsteps/dirt/dirt_wander1","mambience:footsteps/dirt/dirt_wander2","mambience:footsteps/dirt/dirt_wander3","mambience:footsteps/dirt/dirt_wander4","mambience:footsteps/dirt/dirt_wander5"]},"glass.glass_hard":{"replace":false,"sounds":["mambience:footsteps/glass/glass_hard1"]},"glass.glass_hit":{"replace":false,"sounds":["mambience:footsteps/glass/glass_hit1","mambience:footsteps/glass/glass_hit2"]},"grass.grass_run":{"replace":false,"sounds":["mambience:footsteps/grass/grass_run1","mambience:footsteps/grass/grass_run2","mambience:footsteps/grass/grass_run3","mambience:footsteps/grass/grass_run4"]},"grass.grass_walk":{"replace":false,"sounds":["mambience:footsteps/grass/grass_walk1","mambience:footsteps/grass/grass_walk10","mambience:footsteps/grass/grass_walk2","mambience:footsteps/grass/grass_walk3","mambience:footsteps/grass/grass_walk4","mambience:footsteps/grass/grass_walk5","mambience:footsteps/grass/grass_walk6","mambience:footsteps/grass/grass_walk7","mambience:footsteps/grass/grass_walk8","mambience:footsteps/grass/grass_walk9"]},"grass.grass_wander":{"replace":false,"sounds":["mambience:footsteps/grass/grass_wander1","mambience:footsteps/grass/grass_wander2","mambience:footsteps/grass/grass_wander3","mambience:footsteps/grass/grass_wander4","mambience:footsteps/grass/grass_wander5","mambience:footsteps/grass/grass_wander6"]},"gravel.gravel_land":{"replace":false,"sounds":["mambience:footsteps/gravel/gravel_land1","mambience:footsteps/gravel/gravel_land2"]},"gravel.gravel_run":{"replace":false,"sounds":["mambience:footsteps/gravel/gravel_run1","mambience:footsteps/gravel/gravel_run10","mambience:footsteps/gravel/gravel_run11","mambience:footsteps/gravel/gravel_run2","mambience:footsteps/gravel/gravel_run3","mambience:footsteps/gravel/gravel_run4","mambience:footsteps/gravel/gravel_run5","mambience:footsteps/gravel/gravel_run6","mambience:footsteps/gravel/gravel_run7","mambience:footsteps/gravel/gravel_run8","mambience:footsteps/gravel/gravel_run9"]},"gravel.gravel_walk":{"replace":false,"sounds":["mambience:footsteps/gravel/gravel_walk1","mambience:footsteps/gravel/gravel_walk10","mambience:footsteps/gravel/gravel_walk11","mambience:footsteps/gravel/gravel_walk2","mambience:footsteps/gravel/gravel_walk3","mambience:footsteps/gravel/gravel_walk4","mambience:footsteps/gravel/gravel_walk5","mambience:footsteps/gravel/gravel_walk6","mambience:footsteps/gravel/gravel_walk7","mambience:footsteps/gravel/gravel_walk8","mambience:footsteps/gravel/gravel_walk9"]},"gravel.gravel_wander":{"replace":false,"sounds":["mambience:footsteps/gravel/gravel_wander1","mambience:footsteps/gravel/gravel_wander2","mambience:footsteps/gravel/gravel_wander3"]},"leaves.leaves_through":{"replace":false,"sounds":["mambience:footsteps/leaves/leaves_through1","mambience:footsteps/leaves/leaves_through2","mambience:footsteps/leaves/leaves_through3","mambience:footsteps/leaves/leaves_through4","mambience:footsteps/leaves/leaves_through5","mambience:footsteps/leaves/leaves_through6","mambience:footsteps/leaves/leaves_through7"]},"lino.lino_run":{"replace":false,"sounds":["mambience:footsteps/lino/lino_run1","mambience:footsteps/lino/lino_run2","mambience:footsteps/lino/lino_run3","mambience:footsteps/lino/lino_run4","mambience:footsteps/lino/lino_run5","mambience:footsteps/lino/lino_run6"]},"lino.lino_walk":{"replace":false,"sounds":["mambience:footsteps/lino/lino_walk1","mambience:footsteps/lino/lino_walk2","mambience:footsteps/lino/lino_walk3","mambience:footsteps/lino/lino_walk4","mambience:footsteps/lino/lino_walk5","mambience:footsteps/lino/lino_walk6","mambience:footsteps/lino/lino_walk7","mambience:footsteps/lino/lino_walk8"]},"marble.marble_run":{"replace":false,"sounds":["mambience:footsteps/marble/marble_run1","mambience:footsteps/marble/marble_run10","mambience:footsteps/marble/marble_run11","mambience:footsteps/marble/marble_run2","mambience:footsteps/marble/marble_run3","mambience:footsteps/marble/marble_run4","mambience:footsteps/marble/marble_run5","mambience:footsteps/marble/marble_run6","mambience:footsteps/marble/marble_run7","mambience:footsteps/marble/marble_run8","mambience:footsteps/marble/marble_run9"]},"marble.marble_walk":{"replace":false,"sounds":["mambience:footsteps/marble/marble_walk1","mambience:footsteps/marble/marble_walk10","mambience:footsteps/marble/marble_walk11","mambience:footsteps/marble/marble_walk2","mambience:footsteps/marble/marble_walk3","mambience:footsteps/marble/marble_walk4","mambience:footsteps/marble/marble_walk5","mambience:footsteps/marble/marble_walk6","mambience:footsteps/marble/marble_walk7","mambience:footsteps/marble/marble_walk8","mambience:footsteps/marble/marble_walk9"]},"marble.marble_wander":{"replace":false,"sounds":["mambience:footsteps/marble/marble_wander1","mambience:footsteps/marble/marble_wander2","mambience:footsteps/marble/marble_wander3","mambience:footsteps/marble/marble_wander4","mambience:footsteps/marble/marble_wander5","mambience:footsteps/marble/marble_wander6","mambience:footsteps/marble/marble_wander7"]},"metalbar.metalbar_land":{"replace":false,"sounds":["mambience:footsteps/metalbar/metalbar_land1"]},"metalbar.metalbar_run":{"replace":false,"sounds":["mambience:footsteps/metalbar/metalbar_run1","mambience:footsteps/metalbar/metalbar_run10","mambience:footsteps/metalbar/metalbar_run11","mambience:footsteps/metalbar/metalbar_run2","mambience:footsteps/metalbar/metalbar_run3","mambience:footsteps/metalbar/metalbar_run4","mambience:footsteps/metalbar/metalbar_run5","mambience:footsteps/metalbar/metalbar_run6","mambience:footsteps/metalbar/metalbar_run7","mambience:footsteps/metalbar/metalbar_run8","mambience:footsteps/metalbar/metalbar_run9"]},"metalbar.metalbar_walk":{"replace":false,"sounds":["mambience:footsteps/metalbar/metalbar_walk1","mambience:footsteps/metalbar/metalbar_walk10","mambience:footsteps/metalbar/metalbar_walk11","mambience:footsteps/metalbar/metalbar_walk2","mambience:footsteps/metalbar/metalbar_walk3","mambience:footsteps/metalbar/metalbar_walk4","mambience:footsteps/metalbar/metalbar_walk5","mambience:footsteps/metalbar/metalbar_walk6","mambience:footsteps/metalbar/metalbar_walk7","mambience:footsteps/metalbar/metalbar_walk8","mambience:footsteps/metalbar/metalbar_walk9"]},"metalbar.metalbar_wander":{"replace":false,"sounds":["mambience:footsteps/metalbar/metalbar_wander1","mambience:footsteps/metalbar/metalbar_wander2","mambience:footsteps/metalbar/metalbar_wander3","mambience:footsteps/metalbar/metalbar_wander4","mambience:footsteps/metalbar/metalbar_wander5","mambience:footsteps/metalbar/metalbar_wander6"]},"metalbox.metalbox_run":{"replace":false,"sounds":["mambience:footsteps/metalbox/metalbox_run1","mambience:footsteps/metalbox/metalbox_run10","mambience:footsteps/metalbox/metalbox_run2","mambience:footsteps/metalbox/metalbox_run3","mambience:footsteps/metalbox/metalbox_run4","mambience:footsteps/metalbox/metalbox_run5","mambience:footsteps/metalbox/metalbox_run6","mambience:footsteps/metalbox/metalbox_run7","mambience:footsteps/metalbox/metalbox_run8","mambience:footsteps/metalbox/metalbox_run9"]},"metalbox.metalbox_walk":{"replace":false,"sounds":["mambience:footsteps/metalbox/metalbox_walk1","mambience:footsteps/metalbox/metalbox_walk2","mambience:footsteps/metalbox/metalbox_walk3","mambience:footsteps/metalbox/metalbox_walk4","mambience:footsteps/metalbox/metalbox_walk5","mambience:footsteps/metalbox/metalbox_walk6","mambience:footsteps/metalbox/metalbox_walk7","mambience:footsteps/metalbox/metalbox_walk8","mambience:footsteps/metalbox/metalbox_walk9"]},"metalbox.metalbox_wander":{"replace":false,"sounds":["mambience:footsteps/metalbox/metalbox_wander1","mambience:footsteps/metalbox/metalbox_wander2","mambience:footsteps/metalbox/metalbox_wander3","mambience:footsteps/metalbox/metalbox_wander4"]},"mud.mud_walk":{"replace":false,"sounds":["mambience:footsteps/mud/mud_walk1","mambience:footsteps/mud/mud_walk2","mambience:footsteps/mud/mud_walk3","mambience:footsteps/mud/mud_walk4","mambience:footsteps/mud/mud_walk5","mambience:footsteps/mud/mud_walk6"]},"mud.mud_wander":{"replace":false,"sounds":["mambience:footsteps/mud/mud_wander1","mambience:footsteps/mud/mud_wander2","mambience:footsteps/mud/mud_wander3","mambience:footsteps/mud/mud_wander4"]},"muffledice.muffledice_walk":{"replace":false,"sounds":["mambience:footsteps/muffledice/muffledice_walk1","mambience:footsteps/muffledice/muffledice_walk10","mambience:footsteps/muffledice/muffledice_walk2","mambience:footsteps/muffledice/muffledice_walk3","mambience:footsteps/muffledice/muffledice_walk4","mambience:footsteps/muffledice/muffledice_walk5","mambience:footsteps/muffledice/muffledice_walk6","mambience:footsteps/muffledice/muffledice_walk7","mambience:footsteps/muffledice/muffledice_walk8","mambience:footsteps/muffledice/muffledice_walk9"]},"quicksand.quicksand_walk":{"replace":false,"sounds":["mambience:footsteps/quicksand/quicksand_walk1","mambience:footsteps/quicksand/quicksand_walk10","mambience:footsteps/quicksand/quicksand_walk11","mambience:footsteps/quicksand/quicksand_walk2","mambience:footsteps/quicksand/quicksand_walk3","mambience:footsteps/quicksand/quicksand_walk4","mambience:footsteps/quicksand/quicksand_walk5","mambience:footsteps/quicksand/quicksand_walk6","mambience:footsteps/quicksand/quicksand_walk7","mambience:footsteps/quicksand/quicksand_walk8","mambience:footsteps/quicksand/quicksand_walk9"]},"rug.rug_walk":{"replace":false,"sounds":["mambience:footsteps/rug/rug_walk1","mambience:footsteps/rug/rug_walk10","mambience:footsteps/rug/rug_walk11","mambience:footsteps/rug/rug_walk2","mambience:footsteps/rug/rug_walk3","mambience:footsteps/rug/rug_walk4","mambience:footsteps/rug/rug_walk5","mambience:footsteps/rug/rug_walk6","mambience:footsteps/rug/rug_walk7","mambience:footsteps/rug/rug_walk8","mambience:footsteps/rug/rug_walk9"]},"sand.sand_run":{"replace":false,"sounds":["mambience:footsteps/sand/sand_run1","mambience:footsteps/sand/sand_run10","mambience:footsteps/sand/sand_run11","mambience:footsteps/sand/sand_run2","mambience:footsteps/sand/sand_run3","mambience:footsteps/sand/sand_run4","mambience:footsteps/sand/sand_run5","mambience:footsteps/sand/sand_run6","mambience:footsteps/sand/sand_run7","mambience:footsteps/sand/sand_run8","mambience:footsteps/sand/sand_run9"]},"sand.sand_walk":{"replace":false,"sounds":["mambience:footsteps/sand/sand_walk1","mambience:footsteps/sand/sand_walk10","mambience:footsteps/sand/sand_walk11","mambience:footsteps/sand/sand_walk2","mambience:footsteps/sand/sand_walk3","mambience:footsteps/sand/sand_walk4","mambience:footsteps/sand/sand_walk5","mambience:footsteps/sand/sand_walk6","mambience:footsteps/sand/sand_walk7","mambience:footsteps/sand/sand_walk8","mambience:footsteps/sand/sand_walk9"]},"snow.snow_run":{"replace":false,"sounds":["mambience:footsteps/snow/snow_run1","mambience:footsteps/snow/snow_run10","mambience:footsteps/snow/snow_run11","mambience:footsteps/snow/snow_run2","mambience:footsteps/snow/snow_run3","mambience:footsteps/snow/snow_run4","mambience:footsteps/snow/snow_run5","mambience:footsteps/snow/snow_run6","mambience:footsteps/snow/snow_run7","mambience:footsteps/snow/snow_run8","mambience:footsteps/snow/snow_run9"]},"snow.snow_walk":{"replace":false,"sounds":["mambience:footsteps/snow/snow_walk1","mambience:footsteps/snow/snow_walk10","mambience:footsteps/snow/snow_walk11","mambience:footsteps/snow/snow_walk2","mambience:footsteps/snow/snow_walk3","mambience:footsteps/snow/snow_walk4","mambience:footsteps/snow/snow_walk5","mambience:footsteps/snow/snow_walk6","mambience:footsteps/snow/snow_walk7","mambience:footsteps/snow/snow_walk8","mambience:footsteps/snow/snow_walk9"]},"snow.snow_wander":{"replace":false,"sounds":["mambience:footsteps/snow/snow_wander1","mambience:footsteps/snow/snow_wander2","mambience:footsteps/snow/snow_wander3","mambience:footsteps/snow/snow_wander4","mambience:footsteps/snow/snow_wander5"]},"squeakywood.squeakywood_walk":{"replace":false,"sounds":["mambience:footsteps/squeakywood/squeakywood_walk1","mambience:footsteps/squeakywood/squeakywood_walk10","mambience:footsteps/squeakywood/squeakywood_walk11","mambience:footsteps/squeakywood/squeakywood_walk2","mambience:footsteps/squeakywood/squeakywood_walk3","mambience:footsteps/squeakywood/squeakywood_walk4","mambience:footsteps/squeakywood/squeakywood_walk5","mambience:footsteps/squeakywood/squeakywood_walk6","mambience:footsteps/squeakywood/squeakywood_walk7","mambience:footsteps/squeakywood/squeakywood_walk8","mambience:footsteps/squeakywood/squeakywood_walk9"]},"squeakywood.squeakywood_wander":{"replace":false,"sounds":["mambience:footsteps/squeakywood/squeakywood_wander1","mambience:footsteps/squeakywood/squeakywood_wander2","mambience:footsteps/squeakywood/squeakywood_wander3","mambience:footsteps/squeakywood/squeakywood_wander4","mambience:footsteps/squeakywood/squeakywood_wander5","mambience:footsteps/squeakywood/squeakywood_wander6","mambience:footsteps/squeakywood/squeakywood_wander7"]},"stone.stone_run":{"replace":false,"sounds":["mambience:footsteps/stone/stone_run1","mambience:footsteps/stone/stone_run10","mambience:footsteps/stone/stone_run11","mambience:footsteps/stone/stone_run2","mambience:footsteps/stone/stone_run3","mambience:footsteps/stone/stone_run4","mambience:footsteps/stone/stone_run5","mambience:footsteps/stone/stone_run6","mambience:footsteps/stone/stone_run7","mambience:footsteps/stone/stone_run8","mambience:footsteps/stone/stone_run9"]},"stone.stone_walk":{"replace":false,"sounds":["mambience:footsteps/stone/stone_walk1","mambience:footsteps/stone/stone_walk10","mambience:footsteps/stone/stone_walk11","mambience:footsteps/stone/stone_walk2","mambience:footsteps/stone/stone_walk3","mambience:footsteps/stone/stone_walk4","mambience:footsteps/stone/stone_walk5","mambience:footsteps/stone/stone_walk6","mambience:footsteps/stone/stone_walk7","mambience:footsteps/stone/stone_walk8","mambience:footsteps/stone/stone_walk9"]},"stone.stone_wander":{"replace":false,"sounds":["mambience:footsteps/stone/stone_wander1","mambience:footsteps/stone/stone_wander2","mambience:footsteps/stone/stone_wander3","mambience:footsteps/stone/stone_wander4","mambience:footsteps/stone/stone_wander5"]},"water.water_through":{"replace":false,"sounds":["mambience:footsteps/water/water_through1","mambience:footsteps/water/water_through10","mambience:footsteps/water/water_through11","mambience:footsteps/water/water_through2","mambience:footsteps/water/water_through3","mambience:footsteps/water/water_through4","mambience:footsteps/water/water_through5","mambience:footsteps/water/water_through6","mambience:footsteps/water/water_through7","mambience:footsteps/water/water_through8","mambience:footsteps/water/water_through9"]},"water.water_wander":{"replace":false,"sounds":["mambience:footsteps/water/water_wander1","mambience:footsteps/water/water_wander2","mambience:footsteps/water/water_wander3","mambience:footsteps/water/water_wander4","mambience:footsteps/water/water_wander5"]},"water_stereofix.water_through":{"replace":false,"sounds":["mambience:footsteps/water_stereofix/water_through1","mambience:footsteps/water_stereofix/water_through10","mambience:footsteps/water_stereofix/water_through11","mambience:footsteps/water_stereofix/water_through2","mambience:footsteps/water_stereofix/water_through3","mambience:footsteps/water_stereofix/water_through4","mambience:footsteps/water_stereofix/water_through5","mambience:footsteps/water_stereofix/water_through6","mambience:footsteps/water_stereofix/water_through7","mambience:footsteps/water_stereofix/water_through8","mambience:footsteps/water_stereofix/water_through9"]},"water_stereofix.water_wander":{"replace":false,"sounds":["mambience:footsteps/water_stereofix/water_wander1","mambience:footsteps/water_stereofix/water_wander2","mambience:footsteps/water_stereofix/water_wander3","mambience:footsteps/water_stereofix/water_wander4","mambience:footsteps/water_stereofix/water_wander5"]},"weakice.weakice_walk":{"replace":false,"sounds":["mambience:footsteps/weakice/weakice_walk1","mambience:footsteps/weakice/weakice_walk10","mambience:footsteps/weakice/weakice_walk2","mambience:footsteps/weakice/weakice_walk3","mambience:footsteps/weakice/weakice_walk4","mambience:footsteps/weakice/weakice_walk5","mambience:footsteps/weakice/weakice_walk6","mambience:footsteps/weakice/weakice_walk7","mambience:footsteps/weakice/weakice_walk8","mambience:footsteps/weakice/weakice_walk9"]},"wood.wood_walk":{"replace":false,"sounds":["mambience:footsteps/wood/wood_walk1","mambience:footsteps/wood/wood_walk10","mambience:footsteps/wood/wood_walk11","mambience:footsteps/wood/wood_walk2","mambience:footsteps/wood/wood_walk3","mambience:footsteps/wood/wood_walk4","mambience:footsteps/wood/wood_walk5","mambience:footsteps/wood/wood_walk6","mambience:footsteps/wood/wood_walk7","mambience:footsteps/wood/wood_walk8","mambience:footsteps/wood/wood_walk9"]},"equip.bow":{"replace":false,"sounds":["mambience:equip/bow"]},"equip.generic":{"replace":false,"sounds":["mambience:equip/generic"]},"equip.sword":{"replace":false,"sounds":["mambience:equip/sword0","mambience:equip/sword1","mambience:equip/sword2","mambience:equip/sword3","mambience:equip/sword4"]},"equip.tool":{"replace":false,"sounds":["mambience:equip/tool"]},"attack.hit.sword":{"replace":false,"sounds":["mambience:attack/hit/sword0","mambience:attack/hit/sword1","mambience:attack/hit/sword2","mambience:attack/hit/sword3"]},"attack.swing.sword":{"replace":false,"sounds":["mambience:attack/swing/sword0","mambience:attack/swing/sword1","mambience:attack/swing/sword2","mambience:attack/swing/sword3","mambience:attack/swing/sword4","mambience:attack/swing/sword5","mambience:attack/swing/sword6","mambience:attack/swing/sword7","mambience:attack/swing/sword8"]}}