{   
  "criteria": {
    "knife_found": {
      "trigger": "minecraft:inventory_changed",
      "conditions": {
        "items": [
          {
            "items": "minecraft:netherite_sword",
            "predicates": {
              "minecraft:custom_data": {
                "smithed": {
                  "id": "jmmf:diamond_knife"
                }
              }
            }
          }
        ]
      }
    }
  },
  "rewards": {
    "loot": [
      "jmmf:crafting/knife/netherite_knife"
    ],
	  "function": "jmmf:crafting/knife/upgrade_knife"
  }    
}