{
    "pools": [
        {
            "rolls": 1,
            "entries": [
                {
                    "type": "item",
                    "name": "minecraft:cookie",
                    "functions": [
                        {
                            "function": "minecraft:set_components",
                            "components": {
                                "minecraft:item_name": "{ 'translate': 'item.jmmf.black_forest_doughnut', 'italic': false }",
                                "minecraft:custom_model_data": 481330,
                                "minecraft:custom_data": {
                                    "smithed": {
                                    "id": "jmmf:black_forest_doughnut"
                                    },
                                    "joshmats": {
                                    "tag": ["doughnut"]
                                    }
                                },
                                "minecraft:food": {
                                    "nutrition": 3,
                                    "saturation": 3
                                }
                            }
                        }
                    ]
                }
            ]
        }
    ]
}
