{"parent":"minecraft:item/generated","textures":{"layer0":"minecraft:block/allium"},"overrides":[{"model":"polyfactory:sgui/elements/empty","predicate":{"custom_model_data":100001}},{"model":"polyfactory:sgui/elements/polydex","predicate":{"custom_model_data":100002}},{"model":"polyfactory:sgui/elements/button/plus","predicate":{"custom_model_data":100003}},{"model":"polyfactory:sgui/elements/button/minus","predicate":{"custom_model_data":100004}},{"model":"polyfactory:sgui/elements/button/activate","predicate":{"custom_model_data":100005}},{"model":"polyfactory:sgui/elements/button/activate_blocked","predicate":{"custom_model_data":100006}},{"model":"polyfactory:sgui/elements/button/activate_off","predicate":{"custom_model_data":100007}},{"model":"polyfactory:sgui/elements/button/close","predicate":{"custom_model_data":100008}},{"model":"polyfactory:sgui/elements/button/done","predicate":{"custom_model_data":100009}},{"model":"polyfactory:sgui/elements/button/done_blocked","predicate":{"custom_model_data":100010}},{"model":"polyfactory:sgui/elements/button/item_filter/type_only","predicate":{"custom_model_data":100011}},{"model":"polyfactory:sgui/elements/button/item_filter/strict","predicate":{"custom_model_data":100012}},{"model":"polyfactory:sgui/elements/button/crafter/mode_always","predicate":{"custom_model_data":100013}},{"model":"polyfactory:sgui/elements/button/crafter/mode_filled","predicate":{"custom_model_data":100014}},{"model":"polyfactory:sgui/elements/button/crafter/mode_powered","predicate":{"custom_model_data":100015}},{"model":"polyfactory:sgui/elements/button/crafter/mode_not_powered","predicate":{"custom_model_data":100016}},{"model":"polyfactory:sgui/elements/locked_slot","predicate":{"custom_model_data":100017}},{"model":"polyfactory:sgui/elements/numbered_buttons/disabled","predicate":{"custom_model_data":100018}},{"model":"polyfactory:sgui/elements/numbered_buttons/num_0","predicate":{"custom_model_data":100019}},{"model":"polyfactory:sgui/elements/numbered_buttons/num_1","predicate":{"custom_model_data":100020}},{"model":"polyfactory:sgui/elements/numbered_buttons/num_2","predicate":{"custom_model_data":100021}},{"model":"polyfactory:sgui/elements/numbered_buttons/num_3","predicate":{"custom_model_data":100022}},{"model":"polyfactory:sgui/elements/numbered_buttons/num_4","predicate":{"custom_model_data":100023}},{"model":"polyfactory:sgui/elements/numbered_buttons/num_5","predicate":{"custom_model_data":100024}},{"model":"polyfactory:sgui/elements/numbered_buttons/num_6","predicate":{"custom_model_data":100025}},{"model":"polyfactory:sgui/elements/numbered_buttons/num_7","predicate":{"custom_model_data":100026}},{"model":"polyfactory:sgui/elements/numbered_buttons/num_8","predicate":{"custom_model_data":100027}},{"model":"polyfactory:sgui/elements/numbered_buttons/num_9","predicate":{"custom_model_data":100028}},{"model":"polyfactory:sgui/elements/numbered_buttons/num_10","predicate":{"custom_model_data":100029}},{"model":"polyfactory:sgui/elements/numbered_buttons/num_11","predicate":{"custom_model_data":100030}},{"model":"polyfactory:sgui/elements/numbered_buttons/num_12","predicate":{"custom_model_data":100031}},{"model":"polyfactory:sgui/elements/numbered_buttons/num_13","predicate":{"custom_model_data":100032}},{"model":"polyfactory:sgui/elements/numbered_buttons/num_14","predicate":{"custom_model_data":100033}},{"model":"polyfactory:sgui/elements/numbered_buttons/num_15","predicate":{"custom_model_data":100034}},{"model":"polyfactory:sgui/elements/numbered_buttons/num_16","predicate":{"custom_model_data":100035}},{"model":"polyfactory:sgui/elements/numbered_buttons/num_17","predicate":{"custom_model_data":100036}},{"model":"polyfactory:sgui/elements/numbered_buttons/num_18","predicate":{"custom_model_data":100037}},{"model":"polyfactory:sgui/elements/numbered_buttons/num_19","predicate":{"custom_model_data":100038}},{"model":"polyfactory:sgui/elements/numbered_buttons/num_20","predicate":{"custom_model_data":100039}},{"model":"polyfactory:sgui/elements/numbered_buttons/num_21","predicate":{"custom_model_data":100040}},{"model":"polyfactory:sgui/elements/numbered_buttons/num_22","predicate":{"custom_model_data":100041}},{"model":"polyfactory:sgui/elements/numbered_buttons/num_23","predicate":{"custom_model_data":100042}},{"model":"polyfactory:sgui/elements/numbered_buttons/num_24","predicate":{"custom_model_data":100043}},{"model":"polyfactory:sgui/elements/numbered_buttons/num_25","predicate":{"custom_model_data":100044}},{"model":"polyfactory:sgui/elements/numbered_buttons/num_26","predicate":{"custom_model_data":100045}},{"model":"polyfactory:sgui/elements/numbered_buttons/num_27","predicate":{"custom_model_data":100046}},{"model":"polyfactory:sgui/elements/numbered_buttons/num_28","predicate":{"custom_model_data":100047}},{"model":"polyfactory:sgui/elements/numbered_buttons/num_29","predicate":{"custom_model_data":100048}},{"model":"polyfactory:sgui/elements/numbered_buttons/num_30","predicate":{"custom_model_data":100049}},{"model":"polyfactory:sgui/elements/numbered_buttons/num_31","predicate":{"custom_model_data":100050}},{"model":"polyfactory:sgui/elements/numbered_buttons/num_32","predicate":{"custom_model_data":100051}},{"model":"polyfactory:sgui/elements/numbered_buttons/num_33","predicate":{"custom_model_data":100052}},{"model":"polyfactory:sgui/elements/numbered_buttons/num_34","predicate":{"custom_model_data":100053}},{"model":"polyfactory:sgui/elements/numbered_buttons/num_35","predicate":{"custom_model_data":100054}},{"model":"polyfactory:sgui/elements/numbered_buttons/num_36","predicate":{"custom_model_data":100055}},{"model":"polyfactory:sgui/elements/numbered_buttons/num_37","predicate":{"custom_model_data":100056}},{"model":"polyfactory:sgui/elements/numbered_buttons/num_38","predicate":{"custom_model_data":100057}},{"model":"polyfactory:sgui/elements/numbered_buttons/num_39","predicate":{"custom_model_data":100058}},{"model":"polyfactory:sgui/elements/numbered_buttons/num_40","predicate":{"custom_model_data":100059}},{"model":"polyfactory:sgui/elements/numbered_buttons/num_41","predicate":{"custom_model_data":100060}},{"model":"polyfactory:sgui/elements/numbered_buttons/num_42","predicate":{"custom_model_data":100061}},{"model":"polyfactory:sgui/elements/numbered_buttons/num_43","predicate":{"custom_model_data":100062}},{"model":"polyfactory:sgui/elements/numbered_buttons/num_44","predicate":{"custom_model_data":100063}},{"model":"polyfactory:sgui/elements/numbered_buttons/num_45","predicate":{"custom_model_data":100064}},{"model":"polyfactory:sgui/elements/numbered_buttons/num_46","predicate":{"custom_model_data":100065}},{"model":"polyfactory:sgui/elements/numbered_buttons/num_47","predicate":{"custom_model_data":100066}},{"model":"polyfactory:sgui/elements/numbered_buttons/num_48","predicate":{"custom_model_data":100067}},{"model":"polyfactory:sgui/elements/numbered_buttons/num_49","predicate":{"custom_model_data":100068}},{"model":"polyfactory:sgui/elements/numbered_buttons/num_50","predicate":{"custom_model_data":100069}},{"model":"polyfactory:sgui/elements/numbered_buttons/num_51","predicate":{"custom_model_data":100070}},{"model":"polyfactory:sgui/elements/numbered_buttons/num_52","predicate":{"custom_model_data":100071}},{"model":"polyfactory:sgui/elements/numbered_buttons/num_53","predicate":{"custom_model_data":100072}},{"model":"polyfactory:sgui/elements/numbered_buttons/num_54","predicate":{"custom_model_data":100073}},{"model":"polyfactory:sgui/elements/numbered_buttons/num_55","predicate":{"custom_model_data":100074}},{"model":"polyfactory:sgui/elements/numbered_buttons/num_56","predicate":{"custom_model_data":100075}},{"model":"polyfactory:sgui/elements/numbered_buttons/num_57","predicate":{"custom_model_data":100076}},{"model":"polyfactory:sgui/elements/numbered_buttons/num_58","predicate":{"custom_model_data":100077}},{"model":"polyfactory:sgui/elements/numbered_buttons/num_59","predicate":{"custom_model_data":100078}},{"model":"polyfactory:sgui/elements/numbered_buttons/num_60","predicate":{"custom_model_data":100079}},{"model":"polyfactory:sgui/elements/numbered_buttons/num_61","predicate":{"custom_model_data":100080}},{"model":"polyfactory:sgui/elements/numbered_buttons/num_62","predicate":{"custom_model_data":100081}},{"model":"polyfactory:sgui/elements/numbered_buttons/num_63","predicate":{"custom_model_data":100082}},{"model":"polyfactory:sgui/elements/numbered_buttons/num_64","predicate":{"custom_model_data":100083}},{"model":"polyfactory:sgui/elements/numbered_buttons/num_65","predicate":{"custom_model_data":100084}},{"model":"polyfactory:sgui/elements/numbered_buttons/num_66","predicate":{"custom_model_data":100085}},{"model":"polyfactory:sgui/elements/numbered_buttons/num_67","predicate":{"custom_model_data":100086}},{"model":"polyfactory:sgui/elements/numbered_buttons/num_68","predicate":{"custom_model_data":100087}},{"model":"polyfactory:sgui/elements/numbered_buttons/num_69","predicate":{"custom_model_data":100088}},{"model":"polyfactory:sgui/elements/numbered_buttons/num_70","predicate":{"custom_model_data":100089}},{"model":"polyfactory:sgui/elements/numbered_buttons/num_71","predicate":{"custom_model_data":100090}},{"model":"polyfactory:sgui/elements/numbered_buttons/num_72","predicate":{"custom_model_data":100091}},{"model":"polyfactory:sgui/elements/numbered_buttons/num_73","predicate":{"custom_model_data":100092}},{"model":"polyfactory:sgui/elements/numbered_buttons/num_74","predicate":{"custom_model_data":100093}},{"model":"polyfactory:sgui/elements/numbered_buttons/num_75","predicate":{"custom_model_data":100094}},{"model":"polyfactory:sgui/elements/numbered_buttons/num_76","predicate":{"custom_model_data":100095}},{"model":"polyfactory:sgui/elements/numbered_buttons/num_77","predicate":{"custom_model_data":100096}},{"model":"polyfactory:sgui/elements/numbered_buttons/num_78","predicate":{"custom_model_data":100097}},{"model":"polyfactory:sgui/elements/numbered_buttons/num_79","predicate":{"custom_model_data":100098}},{"model":"polyfactory:sgui/elements/numbered_buttons/num_80","predicate":{"custom_model_data":100099}},{"model":"polyfactory:sgui/elements/numbered_buttons/num_81","predicate":{"custom_model_data":100100}},{"model":"polyfactory:sgui/elements/numbered_buttons/num_82","predicate":{"custom_model_data":100101}},{"model":"polyfactory:sgui/elements/numbered_buttons/num_83","predicate":{"custom_model_data":100102}},{"model":"polyfactory:sgui/elements/numbered_buttons/num_84","predicate":{"custom_model_data":100103}},{"model":"polyfactory:sgui/elements/numbered_buttons/num_85","predicate":{"custom_model_data":100104}},{"model":"polyfactory:sgui/elements/numbered_buttons/num_86","predicate":{"custom_model_data":100105}},{"model":"polyfactory:sgui/elements/numbered_buttons/num_87","predicate":{"custom_model_data":100106}},{"model":"polyfactory:sgui/elements/numbered_buttons/num_88","predicate":{"custom_model_data":100107}},{"model":"polyfactory:sgui/elements/numbered_buttons/num_89","predicate":{"custom_model_data":100108}},{"model":"polyfactory:sgui/elements/numbered_buttons/num_90","predicate":{"custom_model_data":100109}},{"model":"polyfactory:sgui/elements/numbered_buttons/num_91","predicate":{"custom_model_data":100110}},{"model":"polyfactory:sgui/elements/numbered_buttons/num_92","predicate":{"custom_model_data":100111}},{"model":"polyfactory:sgui/elements/numbered_buttons/num_93","predicate":{"custom_model_data":100112}},{"model":"polyfactory:sgui/elements/numbered_buttons/num_94","predicate":{"custom_model_data":100113}},{"model":"polyfactory:sgui/elements/numbered_buttons/num_95","predicate":{"custom_model_data":100114}},{"model":"polyfactory:sgui/elements/numbered_buttons/num_96","predicate":{"custom_model_data":100115}},{"model":"polyfactory:sgui/elements/numbered_buttons/num_97","predicate":{"custom_model_data":100116}},{"model":"polyfactory:sgui/elements/numbered_buttons/num_98","predicate":{"custom_model_data":100117}},{"model":"polyfactory:sgui/elements/numbered_buttons/num_99","predicate":{"custom_model_data":100118}},{"model":"polyfactory:sgui/elements/item_filter_blocked","predicate":{"custom_model_data":100119}},{"model":"polyfactory:sgui/elements/gen/flame_1","predicate":{"custom_model_data":100120}},{"model":"polyfactory:sgui/elements/gen/flame_2","predicate":{"custom_model_data":100121}},{"model":"polyfactory:sgui/elements/gen/flame_3","predicate":{"custom_model_data":100122}},{"model":"polyfactory:sgui/elements/gen/flame_4","predicate":{"custom_model_data":100123}},{"model":"polyfactory:sgui/elements/gen/flame_5","predicate":{"custom_model_data":100124}},{"model":"polyfactory:sgui/elements/gen/flame_6","predicate":{"custom_model_data":100125}},{"model":"polyfactory:sgui/elements/gen/flame_7","predicate":{"custom_model_data":100126}},{"model":"polyfactory:sgui/elements/gen/flame_8","predicate":{"custom_model_data":100127}},{"model":"polyfactory:sgui/elements/gen/flame_9","predicate":{"custom_model_data":100128}},{"model":"polyfactory:sgui/elements/gen/flame_10","predicate":{"custom_model_data":100129}},{"model":"polyfactory:sgui/elements/gen/flame_11","predicate":{"custom_model_data":100130}},{"model":"polyfactory:sgui/elements/gen/flame_12","predicate":{"custom_model_data":100131}},{"model":"polyfactory:sgui/elements/gen/flame_13","predicate":{"custom_model_data":100132}},{"model":"polyfactory:sgui/elements/gen/ice_1","predicate":{"custom_model_data":100133}},{"model":"polyfactory:sgui/elements/gen/ice_2","predicate":{"custom_model_data":100134}},{"model":"polyfactory:sgui/elements/gen/ice_3","predicate":{"custom_model_data":100135}},{"model":"polyfactory:sgui/elements/gen/ice_4","predicate":{"custom_model_data":100136}},{"model":"polyfactory:sgui/elements/gen/ice_5","predicate":{"custom_model_data":100137}},{"model":"polyfactory:sgui/elements/gen/ice_6","predicate":{"custom_model_data":100138}},{"model":"polyfactory:sgui/elements/gen/ice_7","predicate":{"custom_model_data":100139}},{"model":"polyfactory:sgui/elements/gen/ice_8","predicate":{"custom_model_data":100140}},{"model":"polyfactory:sgui/elements/gen/ice_9","predicate":{"custom_model_data":100141}},{"model":"polyfactory:sgui/elements/gen/ice_10","predicate":{"custom_model_data":100142}},{"model":"polyfactory:sgui/elements/gen/ice_11","predicate":{"custom_model_data":100143}},{"model":"polyfactory:sgui/elements/gen/ice_12","predicate":{"custom_model_data":100144}},{"model":"polyfactory:sgui/elements/gen/ice_13","predicate":{"custom_model_data":100145}},{"model":"polyfactory:sgui/elements/gen/flame_offset_right_9","predicate":{"custom_model_data":100146}},{"model":"polyfactory:sgui/elements/gen/flame_offset_right_10","predicate":{"custom_model_data":100147}},{"model":"polyfactory:sgui/elements/gen/flame_offset_right_11","predicate":{"custom_model_data":100148}},{"model":"polyfactory:sgui/elements/gen/flame_offset_right_12","predicate":{"custom_model_data":100149}},{"model":"polyfactory:sgui/elements/gen/flame_offset_right_13","predicate":{"custom_model_data":100150}},{"model":"polyfactory:sgui/elements/gen/flame_offset_right_14","predicate":{"custom_model_data":100151}},{"model":"polyfactory:sgui/elements/gen/flame_offset_right_15","predicate":{"custom_model_data":100152}},{"model":"polyfactory:sgui/elements/gen/flame_offset_right_16","predicate":{"custom_model_data":100153}},{"model":"polyfactory:sgui/elements/gen/flame_offset_right_17","predicate":{"custom_model_data":100154}},{"model":"polyfactory:sgui/elements/gen/flame_offset_right_18","predicate":{"custom_model_data":100155}},{"model":"polyfactory:sgui/elements/gen/flame_offset_right_19","predicate":{"custom_model_data":100156}},{"model":"polyfactory:sgui/elements/gen/flame_offset_right_20","predicate":{"custom_model_data":100157}},{"model":"polyfactory:sgui/elements/gen/flame_offset_right_21","predicate":{"custom_model_data":100158}},{"model":"polyfactory:sgui/elements/gen/ice_offset_right_9","predicate":{"custom_model_data":100159}},{"model":"polyfactory:sgui/elements/gen/ice_offset_right_10","predicate":{"custom_model_data":100160}},{"model":"polyfactory:sgui/elements/gen/ice_offset_right_11","predicate":{"custom_model_data":100161}},{"model":"polyfactory:sgui/elements/gen/ice_offset_right_12","predicate":{"custom_model_data":100162}},{"model":"polyfactory:sgui/elements/gen/ice_offset_right_13","predicate":{"custom_model_data":100163}},{"model":"polyfactory:sgui/elements/gen/ice_offset_right_14","predicate":{"custom_model_data":100164}},{"model":"polyfactory:sgui/elements/gen/ice_offset_right_15","predicate":{"custom_model_data":100165}},{"model":"polyfactory:sgui/elements/gen/ice_offset_right_16","predicate":{"custom_model_data":100166}},{"model":"polyfactory:sgui/elements/gen/ice_offset_right_17","predicate":{"custom_model_data":100167}},{"model":"polyfactory:sgui/elements/gen/ice_offset_right_18","predicate":{"custom_model_data":100168}},{"model":"polyfactory:sgui/elements/gen/ice_offset_right_19","predicate":{"custom_model_data":100169}},{"model":"polyfactory:sgui/elements/gen/ice_offset_right_20","predicate":{"custom_model_data":100170}},{"model":"polyfactory:sgui/elements/gen/ice_offset_right_21","predicate":{"custom_model_data":100171}},{"model":"polyfactory:sgui/elements/gen/progress_vertical_0","predicate":{"custom_model_data":100172}},{"model":"polyfactory:sgui/elements/gen/progress_vertical_1","predicate":{"custom_model_data":100173}},{"model":"polyfactory:sgui/elements/gen/progress_vertical_2","predicate":{"custom_model_data":100174}},{"model":"polyfactory:sgui/elements/gen/progress_vertical_3","predicate":{"custom_model_data":100175}},{"model":"polyfactory:sgui/elements/gen/progress_vertical_4","predicate":{"custom_model_data":100176}},{"model":"polyfactory:sgui/elements/gen/progress_vertical_5","predicate":{"custom_model_data":100177}},{"model":"polyfactory:sgui/elements/gen/progress_vertical_6","predicate":{"custom_model_data":100178}},{"model":"polyfactory:sgui/elements/gen/progress_vertical_7","predicate":{"custom_model_data":100179}},{"model":"polyfactory:sgui/elements/gen/progress_vertical_8","predicate":{"custom_model_data":100180}},{"model":"polyfactory:sgui/elements/gen/progress_vertical_9","predicate":{"custom_model_data":100181}},{"model":"polyfactory:sgui/elements/gen/progress_vertical_10","predicate":{"custom_model_data":100182}},{"model":"polyfactory:sgui/elements/gen/progress_vertical_11","predicate":{"custom_model_data":100183}},{"model":"polyfactory:sgui/elements/gen/progress_vertical_12","predicate":{"custom_model_data":100184}},{"model":"polyfactory:sgui/elements/gen/progress_vertical_13","predicate":{"custom_model_data":100185}},{"model":"polyfactory:sgui/elements/gen/progress_vertical_14","predicate":{"custom_model_data":100186}},{"model":"polyfactory:sgui/elements/gen/progress_horizontal_0","predicate":{"custom_model_data":100187}},{"model":"polyfactory:sgui/elements/gen/progress_horizontal_1","predicate":{"custom_model_data":100188}},{"model":"polyfactory:sgui/elements/gen/progress_horizontal_2","predicate":{"custom_model_data":100189}},{"model":"polyfactory:sgui/elements/gen/progress_horizontal_3","predicate":{"custom_model_data":100190}},{"model":"polyfactory:sgui/elements/gen/progress_horizontal_4","predicate":{"custom_model_data":100191}},{"model":"polyfactory:sgui/elements/gen/progress_horizontal_5","predicate":{"custom_model_data":100192}},{"model":"polyfactory:sgui/elements/gen/progress_horizontal_6","predicate":{"custom_model_data":100193}},{"model":"polyfactory:sgui/elements/gen/progress_horizontal_7","predicate":{"custom_model_data":100194}},{"model":"polyfactory:sgui/elements/gen/progress_horizontal_8","predicate":{"custom_model_data":100195}},{"model":"polyfactory:sgui/elements/gen/progress_horizontal_9","predicate":{"custom_model_data":100196}},{"model":"polyfactory:sgui/elements/gen/progress_horizontal_10","predicate":{"custom_model_data":100197}},{"model":"polyfactory:sgui/elements/gen/progress_horizontal_11","predicate":{"custom_model_data":100198}},{"model":"polyfactory:sgui/elements/gen/progress_horizontal_12","predicate":{"custom_model_data":100199}},{"model":"polyfactory:sgui/elements/gen/progress_horizontal_13","predicate":{"custom_model_data":100200}},{"model":"polyfactory:sgui/elements/gen/progress_horizontal_14","predicate":{"custom_model_data":100201}},{"model":"polyfactory:sgui/elements/gen/progress_horizontal_offset_right_6","predicate":{"custom_model_data":100202}},{"model":"polyfactory:sgui/elements/gen/progress_horizontal_offset_right_7","predicate":{"custom_model_data":100203}},{"model":"polyfactory:sgui/elements/gen/progress_horizontal_offset_right_8","predicate":{"custom_model_data":100204}},{"model":"polyfactory:sgui/elements/gen/progress_horizontal_offset_right_9","predicate":{"custom_model_data":100205}},{"model":"polyfactory:sgui/elements/gen/progress_horizontal_offset_right_10","predicate":{"custom_model_data":100206}},{"model":"polyfactory:sgui/elements/gen/progress_horizontal_offset_right_11","predicate":{"custom_model_data":100207}},{"model":"polyfactory:sgui/elements/gen/progress_horizontal_offset_right_12","predicate":{"custom_model_data":100208}},{"model":"polyfactory:sgui/elements/gen/progress_horizontal_offset_right_13","predicate":{"custom_model_data":100209}},{"model":"polyfactory:sgui/elements/gen/progress_horizontal_offset_right_14","predicate":{"custom_model_data":100210}},{"model":"polyfactory:sgui/elements/gen/progress_horizontal_offset_right_15","predicate":{"custom_model_data":100211}},{"model":"polyfactory:sgui/elements/gen/progress_horizontal_offset_right_16","predicate":{"custom_model_data":100212}},{"model":"polyfactory:sgui/elements/gen/progress_horizontal_offset_right_17","predicate":{"custom_model_data":100213}},{"model":"polyfactory:sgui/elements/gen/progress_horizontal_offset_right_18","predicate":{"custom_model_data":100214}},{"model":"polyfactory:sgui/elements/gen/progress_horizontal_offset_right_19","predicate":{"custom_model_data":100215}},{"model":"polyfactory:sgui/elements/gen/progress_horizontal_offset_right_20","predicate":{"custom_model_data":100216}},{"model":"polyfactory:sgui/elements/gen/progress_horizontal_offset_right_21","predicate":{"custom_model_data":100217}},{"model":"polyfactory:sgui/elements/gen/progress_horizontal_offset_right_22","predicate":{"custom_model_data":100218}},{"model":"polyfactory:sgui/elements/gen/progress_horizontal_offset_right_23","predicate":{"custom_model_data":100219}},{"model":"polyfactory:sgui/elements/gen/progress_horizontal_offset_right_24","predicate":{"custom_model_data":100220}},{"model":"polyfactory:sgui/elements/gen/progress_horizontal_offset_right_25","predicate":{"custom_model_data":100221}},{"model":"serveruifix:sgui/elements/empty","predicate":{"custom_model_data":100222}},{"model":"serveruifix:sgui/elements/polydex","predicate":{"custom_model_data":100223}},{"model":"serveruifix:sgui/elements/left","predicate":{"custom_model_data":100224}},{"model":"serveruifix:sgui/elements/right","predicate":{"custom_model_data":100225}},{"model":"serveruifix:sgui/book_closed","predicate":{"custom_model_data":100226}},{"model":"serveruifix:sgui/book_open","predicate":{"custom_model_data":100227}},{"model":"serveruifix:sgui/elements/enchantment/level_1","predicate":{"custom_model_data":100228}},{"model":"serveruifix:sgui/elements/enchantment/level_1_disabled","predicate":{"custom_model_data":100229}},{"model":"serveruifix:sgui/elements/enchantment/level_2","predicate":{"custom_model_data":100230}},{"model":"serveruifix:sgui/elements/enchantment/level_2_disabled","predicate":{"custom_model_data":100231}},{"model":"serveruifix:sgui/elements/enchantment/level_3","predicate":{"custom_model_data":100232}},{"model":"serveruifix:sgui/elements/enchantment/level_3_disabled","predicate":{"custom_model_data":100233}}]}