{"parent":"minecraft:block/black_wool","overrides":[{"model":"polyfactory:block/pipe/6","predicate":{"custom_model_data":100001}},{"model":"polyfactory:block/pipe/38","predicate":{"custom_model_data":100002}},{"model":"polyfactory:block/fluid/flat_scaled/5/minecraft/lava","predicate":{"custom_model_data":100003}},{"model":"polyfactory:block/fluid/portable_fluid_tank/h5/minecraft/lava","predicate":{"custom_model_data":100004}},{"model":"polyfactory:block/fluid/portable_fluid_tank/v7/minecraft/milk","predicate":{"custom_model_data":100005}},{"model":"polyfactory:block/fluid/flat_scaled/9/minecraft/experience","predicate":{"custom_model_data":100006}},{"model":"polyfactory:block/fluid/portable_fluid_tank/h9/minecraft/experience","predicate":{"custom_model_data":100007}},{"model":"polyfactory:block/fluid/portable_fluid_tank/v11/minecraft/snow","predicate":{"custom_model_data":100008}}]}