{"parent":"minecraft:block/blue_wool","overrides":[{"model":"polyfactory:block/pipe/2","predicate":{"custom_model_data":100001}},{"model":"polyfactory:block/pipe/34","predicate":{"custom_model_data":100002}},{"model":"polyfactory:block/fluid/flat_scaled/1/minecraft/lava","predicate":{"custom_model_data":100003}},{"model":"polyfactory:block/fluid/portable_fluid_tank/h1/minecraft/lava","predicate":{"custom_model_data":100004}},{"model":"polyfactory:block/fluid/portable_fluid_tank/v3/minecraft/milk","predicate":{"custom_model_data":100005}},{"model":"polyfactory:block/fluid/flat_scaled/5/minecraft/experience","predicate":{"custom_model_data":100006}},{"model":"polyfactory:block/fluid/portable_fluid_tank/h5/minecraft/experience","predicate":{"custom_model_data":100007}},{"model":"polyfactory:block/fluid/portable_fluid_tank/v7/minecraft/snow","predicate":{"custom_model_data":100008}}]}