{"parent":"minecraft:item/generated","textures":{"layer0":"minecraft:item/brick"},"overrides":[{"model":"computercraft:block/turtle_modem_normal_off_right","predicate":{"custom_model_data":100001}},{"model":"computercraft:block/computer_advanced_on","predicate":{"custom_model_data":100002}},{"model":"computercraft:block/monitor_normal_l","predicate":{"custom_model_data":100003}},{"model":"computercraft:block/monitor_advanced_d","predicate":{"custom_model_data":100004}},{"model":"computercraft:block/monitor_advanced_ud","predicate":{"custom_model_data":100005}},{"model":"computercraft:block/wired_modem_on_peripheral","predicate":{"custom_model_data":100006}},{"model":"computercraft:item/turtle_advanced","predicate":{"custom_model_data":100007}},{"model":"computercraft:item/monitor_normal","predicate":{"custom_model_data":100008}},{"model":"polyfactory:block/steel_button_pressed","predicate":{"custom_model_data":100009}},{"model":"polyfactory:item/grinder","predicate":{"custom_model_data":100010}},{"model":"polyfactory:item/saw_dust","predicate":{"custom_model_data":100011}},{"model":"polyfactory:item/generic_machine_part","predicate":{"custom_model_data":100012}},{"model":"polyfactory:item/block_observer","predicate":{"custom_model_data":100013}},{"model":"polyfactory:item/workbench","predicate":{"custom_model_data":100014}},{"model":"polyfactory:item/pipe","predicate":{"custom_model_data":100015}},{"model":"polyfactory:block/fluid_tank/negative_negative_single","predicate":{"custom_model_data":100016}},{"model":"polyfactory:block/fluid_tank/middle_negative_positive","predicate":{"custom_model_data":100017}},{"model":"polyfactory:block/fluid_tank/positive_negative_positive","predicate":{"custom_model_data":100018}},{"model":"polyfactory:block/fluid_tank/single_negative_middle","predicate":{"custom_model_data":100019}},{"model":"polyfactory:item/pressure_fluid_gun","predicate":{"custom_model_data":100020}},{"model":"polyfactory:item/pressure_fluid_gun_active","predicate":{"custom_model_data":100021}},{"model":"polyfactory:block/data_cube_connector_input_a","predicate":{"custom_model_data":100022}}]}