{"parent":"minecraft:block/brown_wool","overrides":[{"model":"polyfactory:block/pipe/3","predicate":{"custom_model_data":100001}},{"model":"polyfactory:block/pipe/35","predicate":{"custom_model_data":100002}},{"model":"polyfactory:block/fluid/flat_scaled/2/minecraft/lava","predicate":{"custom_model_data":100003}},{"model":"polyfactory:block/fluid/portable_fluid_tank/h2/minecraft/lava","predicate":{"custom_model_data":100004}},{"model":"polyfactory:block/fluid/portable_fluid_tank/v4/minecraft/milk","predicate":{"custom_model_data":100005}},{"model":"polyfactory:block/fluid/flat_scaled/6/minecraft/experience","predicate":{"custom_model_data":100006}},{"model":"polyfactory:block/fluid/portable_fluid_tank/h6/minecraft/experience","predicate":{"custom_model_data":100007}},{"model":"polyfactory:block/fluid/portable_fluid_tank/v8/minecraft/snow","predicate":{"custom_model_data":100008}}]}