{"parent":"minecraft:item/generated","textures":{"layer0":"minecraft:item/clay_ball"},"overrides":[{"model":"computercraft:block/turtle_modem_advanced_off_left","predicate":{"custom_model_data":100001}},{"model":"computercraft:block/computer_command_on","predicate":{"custom_model_data":100002}},{"model":"computercraft:block/monitor_normal_lrd","predicate":{"custom_model_data":100003}},{"model":"computercraft:block/monitor_advanced_lr","predicate":{"custom_model_data":100004}},{"model":"computercraft:block/wireless_modem_advanced_off","predicate":{"custom_model_data":100005}},{"model":"computercraft:item/computer_normal","predicate":{"custom_model_data":100006}},{"model":"computercraft:item/wireless_modem_advanced","predicate":{"custom_model_data":100007}},{"model":"polyfactory:block/slot_aware_funnel_in","predicate":{"custom_model_data":100008}},{"model":"polyfactory:item/mod_icon","predicate":{"custom_model_data":100009}},{"model":"polyfactory:item/mixer","predicate":{"custom_model_data":100010}},{"model":"polyfactory:item/ender_dust","predicate":{"custom_model_data":100011}},{"model":"polyfactory:item/integrated_circuit","predicate":{"custom_model_data":100012}},{"model":"polyfactory:item/data_comparator","predicate":{"custom_model_data":100013}},{"model":"polyfactory:item/sticky_dynamite","predicate":{"custom_model_data":100014}},{"model":"polyfactory:item/pump","predicate":{"custom_model_data":100015}},{"model":"polyfactory:block/fluid_tank/negative_middle_positive","predicate":{"custom_model_data":100016}},{"model":"polyfactory:block/fluid_tank/middle_middle_positive","predicate":{"custom_model_data":100017}},{"model":"polyfactory:block/fluid_tank/positive_middle_middle","predicate":{"custom_model_data":100018}},{"model":"polyfactory:block/fluid_tank/single_middle_negative","predicate":{"custom_model_data":100019}},{"model":"polyfactory:item/tps_provider","predicate":{"custom_model_data":100020}},{"model":"polyfactory:block/pump","predicate":{"custom_model_data":100021}}]}