{"parent":"minecraft:block/cyan_wool","overrides":[{"model":"polyfactory:block/pipe/0","predicate":{"custom_model_data":100001}},{"model":"polyfactory:block/pipe/32","predicate":{"custom_model_data":100002}},{"model":"polyfactory:block/fluid/flat_model/minecraft/lava","predicate":{"custom_model_data":100003}},{"model":"polyfactory:block/fluid/portable_fluid_tank/v15/minecraft/lava","predicate":{"custom_model_data":100004}},{"model":"polyfactory:block/fluid/portable_fluid_tank/v1/minecraft/milk","predicate":{"custom_model_data":100005}},{"model":"polyfactory:block/fluid/flat_scaled/3/minecraft/experience","predicate":{"custom_model_data":100006}},{"model":"polyfactory:block/fluid/portable_fluid_tank/h3/minecraft/experience","predicate":{"custom_model_data":100007}},{"model":"polyfactory:block/fluid/portable_fluid_tank/v5/minecraft/snow","predicate":{"custom_model_data":100008}}]}