{"parent":"item/generated","textures":{"layer0":"item/feather"},"display":{"head":{"rotation":[0,0,45],"translation":[-1,13,7],"scale":[1,1,1]}},"overrides":[{"model":"computercraft:block/turtle_modem_normal_on_right","predicate":{"custom_model_data":100001}},{"model":"computercraft:block/computer_advanced_blinking","predicate":{"custom_model_data":100002}},{"model":"computercraft:block/printer_both_full","predicate":{"custom_model_data":100003}},{"model":"computercraft:block/monitor_normal_u","predicate":{"custom_model_data":100004}},{"model":"computercraft:block/monitor_advanced_rud","predicate":{"custom_model_data":100005}},{"model":"computercraft:block/wired_modem_off_peripheral","predicate":{"custom_model_data":100006}},{"model":"computercraft:item/pocket_computer_advanced_blinking","predicate":{"custom_model_data":100007}},{"model":"computercraft:item/disk_drive","predicate":{"custom_model_data":100008}},{"model":"polyfactory:block/hologram_projector_active","predicate":{"custom_model_data":100009}},{"model":"polyfactory:item/hand_crank","predicate":{"custom_model_data":100010}},{"model":"polyfactory:item/metal_grid","predicate":{"custom_model_data":100011}},{"model":"polyfactory:item/steel_gear","predicate":{"custom_model_data":100012}},{"model":"polyfactory:item/record_player","predicate":{"custom_model_data":100013}},{"model":"polyfactory:item/electric_motor","predicate":{"custom_model_data":100014}},{"model":"polyfactory:item/template_ball","predicate":{"custom_model_data":100015}},{"model":"polyfactory:block/fluid_tank/negative_negative_middle","predicate":{"custom_model_data":100016}},{"model":"polyfactory:block/fluid_tank/middle_negative_negative","predicate":{"custom_model_data":100017}},{"model":"polyfactory:block/fluid_tank/positive_negative_negative","predicate":{"custom_model_data":100018}},{"model":"polyfactory:block/fluid_tank/positive_single_single","predicate":{"custom_model_data":100019}},{"model":"polyfactory:block/fluid_tank/single_single_positive","predicate":{"custom_model_data":100020}},{"model":"polyfactory:block/tiny_potato_spring_base","predicate":{"custom_model_data":100021}}]}