{"parent":"item/generated","textures":{"layer0":"item/filled_map","layer1":"item/filled_map_markings"},"overrides":[{"model":"computercraft:item/pocket_computer_normal_on","predicate":{"custom_model_data":100001}},{"model":"computercraft:item/pocket_computer_normal_blinking","predicate":{"custom_model_data":100002}},{"model":"computercraft:item/pocket_computer_colour_on","predicate":{"custom_model_data":100003}},{"model":"computercraft:item/pocket_computer_colour_blinking","predicate":{"custom_model_data":100004}},{"model":"computercraft:item/pocket_computer_advanced_on","predicate":{"custom_model_data":100005}},{"model":"computercraft:item/pocket_computer_advanced_blinking","predicate":{"custom_model_data":100006}}]}