{"parent":"item/generated","textures":{"layer0":"item/firework_star","layer1":"item/firework_star_overlay"},"overrides":[{"model":"computercraft:block/turtle_colour","predicate":{"custom_model_data":100001}},{"model":"computercraft:item/pocket_computer_colour","predicate":{"custom_model_data":100002}},{"model":"computercraft:item/pocket_computer_colour_on","predicate":{"custom_model_data":100003}},{"model":"computercraft:item/pocket_computer_colour_blinking","predicate":{"custom_model_data":100004}},{"model":"computercraft:item/disk","predicate":{"custom_model_data":100005}},{"model":"polyfactory:item/inverted_caged_lamp","predicate":{"custom_model_data":100006}},{"model":"polyfactory:item/caged_lamp","predicate":{"custom_model_data":100007}},{"model":"polyfactory:item/inverted_fixture_lamp","predicate":{"custom_model_data":100008}},{"model":"polyfactory:item/fixture_lamp","predicate":{"custom_model_data":100009}},{"model":"polyfactory:item/windmill_sail","predicate":{"custom_model_data":100010}},{"model":"polyfactory:item/cable","predicate":{"custom_model_data":100011}},{"model":"polyfactory:item/colored_lamp","predicate":{"custom_model_data":100012}},{"model":"polyfactory:item/inverted_colored_lamp","predicate":{"custom_model_data":100013}},{"model":"polyfactory:item/artificial_dye","predicate":{"custom_model_data":100014}},{"model":"polyfactory:item/portable_fluid_tank/minecraft/water","predicate":{"custom_model_data":100015}},{"model":"polyfactory:item/portable_fluid_tank/minecraft/potion","predicate":{"custom_model_data":100016}}]}