{"parent":"minecraft:item/generated","textures":{"layer0":"minecraft:item/flint"},"overrides":[{"model":"computercraft:block/turtle_modem_advanced_on_right","predicate":{"custom_model_data":100001}},{"model":"computercraft:block/computer_command_off","predicate":{"custom_model_data":100002}},{"model":"computercraft:block/monitor_normal_lr","predicate":{"custom_model_data":100003}},{"model":"computercraft:block/monitor_advanced_ld","predicate":{"custom_model_data":100004}},{"model":"computercraft:block/wireless_modem_normal_on","predicate":{"custom_model_data":100005}},{"model":"computercraft:block/redstone_relay","predicate":{"custom_model_data":100006}},{"model":"computercraft:item/wireless_modem_normal","predicate":{"custom_model_data":100007}},{"model":"glideaway:item/infinite_wind_in_a_bottle","predicate":{"custom_model_data":100008}},{"model":"polyfactory:block/mechanical_drain_axle","predicate":{"custom_model_data":100009}},{"model":"polyfactory:item/crafter","predicate":{"custom_model_data":100010}},{"model":"polyfactory:item/netherrack_dust","predicate":{"custom_model_data":100011}},{"model":"polyfactory:item/treated_dried_kelp","predicate":{"custom_model_data":100012}},{"model":"polyfactory:item/arithmetic_operator","predicate":{"custom_model_data":100013}},{"model":"polyfactory:item/dynamite","predicate":{"custom_model_data":100014}},{"model":"polyfactory:item/redstone_valve_pipe","predicate":{"custom_model_data":100015}},{"model":"polyfactory:block/fluid_tank/negative_middle_middle","predicate":{"custom_model_data":100016}},{"model":"polyfactory:block/fluid_tank/middle_middle_negative","predicate":{"custom_model_data":100017}},{"model":"polyfactory:block/fluid_tank/positive_middle_negative","predicate":{"custom_model_data":100018}},{"model":"polyfactory:block/fluid_tank/single_negative_single","predicate":{"custom_model_data":100019}},{"model":"polyfactory:item/rot_debug","predicate":{"custom_model_data":100020}},{"model":"polyfactory:block/data_cube_connector_output","predicate":{"custom_model_data":100021}}]}