{"parent":"minecraft:item/generated","textures":{"layer0":"minecraft:item/ghast_tear"},"overrides":[{"model":"computercraft:block/computer_normal_off","predicate":{"custom_model_data":100001}},{"model":"computercraft:block/printer_top_full","predicate":{"custom_model_data":100002}},{"model":"computercraft:block/monitor_normal_ru","predicate":{"custom_model_data":100003}},{"model":"computercraft:block/monitor_advanced_rd","predicate":{"custom_model_data":100004}},{"model":"computercraft:block/cable_arm","predicate":{"custom_model_data":100005}},{"model":"computercraft:item/pocket_computer_advanced","predicate":{"custom_model_data":100006}},{"model":"computercraft:item/pocket_computer_advanced","predicate":{"computercraft:state":0,"computercraft:coloured":0,"custom_model_data":100006}},{"model":"computercraft:item/pocket_computer_advanced_on","predicate":{"computercraft:state":1,"computercraft:coloured":0,"custom_model_data":100006}},{"model":"computercraft:item/pocket_computer_advanced_blinking","predicate":{"computercraft:state":2,"computercraft:coloured":0,"custom_model_data":100006}},{"model":"computercraft:item/pocket_computer_colour","predicate":{"computercraft:state":0,"computercraft:coloured":1,"custom_model_data":100006}},{"model":"computercraft:item/pocket_computer_colour_on","predicate":{"computercraft:state":1,"computercraft:coloured":1,"custom_model_data":100006}},{"model":"computercraft:item/pocket_computer_colour_blinking","predicate":{"computercraft:state":2,"computercraft:coloured":1,"custom_model_data":100006}},{"model":"computercraft:item/printed_book","predicate":{"custom_model_data":100007}},{"model":"polyfactory:block/data_cube_connector_input","predicate":{"custom_model_data":100008}},{"model":"polyfactory:item/fan","predicate":{"custom_model_data":100009}},{"model":"polyfactory:item/wooden_container","predicate":{"custom_model_data":100010}},{"model":"polyfactory:item/throwable_glass_bottle","predicate":{"custom_model_data":100011}},{"model":"polyfactory:item/redstone_output","predicate":{"custom_model_data":100012}},{"model":"polyfactory:item/gated_cable","predicate":{"custom_model_data":100013}},{"model":"polyfactory:item/crushed_raw_copper","predicate":{"custom_model_data":100014}},{"model":"polyfactory:item/placeholder","predicate":{"custom_model_data":100015}},{"model":"polyfactory:block/fluid_tank/negative_single_positive","predicate":{"custom_model_data":100016}},{"model":"polyfactory:block/fluid_tank/middle_single_positive","predicate":{"custom_model_data":100017}},{"model":"polyfactory:block/fluid_tank/positive_single_middle","predicate":{"custom_model_data":100018}},{"model":"polyfactory:block/fluid_tank/single_single_negative","predicate":{"custom_model_data":100019}},{"model":"polyfactory:block/planter_output","predicate":{"custom_model_data":100020}}]}