{"parent":"minecraft:block/green_terracotta","overrides":[{"model":"polyfactory:block/pipe/20","predicate":{"custom_model_data":100001}},{"model":"polyfactory:block/pipe/52","predicate":{"custom_model_data":100002}},{"model":"polyfactory:block/fluid/portable_fluid_tank/v3/minecraft/lava","predicate":{"custom_model_data":100003}},{"model":"polyfactory:block/fluid/flat_scaled/5/minecraft/milk","predicate":{"custom_model_data":100004}},{"model":"polyfactory:block/fluid/portable_fluid_tank/h5/minecraft/milk","predicate":{"custom_model_data":100005}},{"model":"polyfactory:block/fluid/portable_fluid_tank/v7/minecraft/experience","predicate":{"custom_model_data":100006}},{"model":"polyfactory:block/fluid/flat_scaled/9/minecraft/snow","predicate":{"custom_model_data":100007}},{"model":"polyfactory:block/fluid/portable_fluid_tank/h9/minecraft/snow","predicate":{"custom_model_data":100008}},{"model":"polyfactory:block/gen/sticky_conveyor_down_3","predicate":{"custom_model_data":100009}},{"model":"polyfactory:block/gen/conveyor_up_9","predicate":{"custom_model_data":100010}},{"model":"polyfactory:block/gen/sticky_conveyor_14","predicate":{"custom_model_data":100011}},{"model":"polyfactory:block/gen/sticky_conveyor_down_3/1","predicate":{"custom_model_data":100012}},{"model":"polyfactory:block/gen/conveyor_up_9/1","predicate":{"custom_model_data":100013}},{"model":"polyfactory:block/gen/sticky_conveyor_14/1","predicate":{"custom_model_data":100014}},{"model":"polyfactory:block/gen/sticky_conveyor_down_3/2","predicate":{"custom_model_data":100015}},{"model":"polyfactory:block/gen/conveyor_up_9/2","predicate":{"custom_model_data":100016}},{"model":"polyfactory:block/gen/sticky_conveyor_14/2","predicate":{"custom_model_data":100017}},{"model":"polyfactory:block/gen/sticky_conveyor_down_3/3","predicate":{"custom_model_data":100018}},{"model":"polyfactory:block/gen/conveyor_up_9/3","predicate":{"custom_model_data":100019}},{"model":"polyfactory:block/gen/sticky_conveyor_14/3","predicate":{"custom_model_data":100020}},{"model":"polyfactory:block/gen/sticky_conveyor_down_3/4","predicate":{"custom_model_data":100021}},{"model":"polyfactory:block/gen/conveyor_up_9/4","predicate":{"custom_model_data":100022}},{"model":"polyfactory:block/gen/sticky_conveyor_14/4","predicate":{"custom_model_data":100023}},{"model":"polyfactory:block/gen/sticky_conveyor_down_3/5","predicate":{"custom_model_data":100024}},{"model":"polyfactory:block/gen/conveyor_up_9/5","predicate":{"custom_model_data":100025}},{"model":"polyfactory:block/gen/sticky_conveyor_14/5","predicate":{"custom_model_data":100026}},{"model":"polyfactory:block/gen/sticky_conveyor_down_3/6","predicate":{"custom_model_data":100027}},{"model":"polyfactory:block/gen/conveyor_up_9/6","predicate":{"custom_model_data":100028}},{"model":"polyfactory:block/gen/sticky_conveyor_14/6","predicate":{"custom_model_data":100029}},{"model":"polyfactory:block/gen/sticky_conveyor_down_3/7","predicate":{"custom_model_data":100030}},{"model":"polyfactory:block/gen/conveyor_up_9/7","predicate":{"custom_model_data":100031}},{"model":"polyfactory:block/gen/sticky_conveyor_14/7","predicate":{"custom_model_data":100032}},{"model":"polyfactory:block/gen/sticky_conveyor_down_3/8","predicate":{"custom_model_data":100033}},{"model":"polyfactory:block/gen/conveyor_up_9/8","predicate":{"custom_model_data":100034}},{"model":"polyfactory:block/gen/sticky_conveyor_14/8","predicate":{"custom_model_data":100035}},{"model":"polyfactory:block/gen/sticky_conveyor_down_3/9","predicate":{"custom_model_data":100036}},{"model":"polyfactory:block/gen/conveyor_up_9/9","predicate":{"custom_model_data":100037}},{"model":"polyfactory:block/gen/sticky_conveyor_14/9","predicate":{"custom_model_data":100038}},{"model":"polyfactory:block/gen/sticky_conveyor_down_3/10","predicate":{"custom_model_data":100039}},{"model":"polyfactory:block/gen/conveyor_up_9/10","predicate":{"custom_model_data":100040}},{"model":"polyfactory:block/gen/sticky_conveyor_14/10","predicate":{"custom_model_data":100041}},{"model":"polyfactory:block/gen/sticky_conveyor_down_3/11","predicate":{"custom_model_data":100042}},{"model":"polyfactory:block/gen/conveyor_up_9/11","predicate":{"custom_model_data":100043}},{"model":"polyfactory:block/gen/sticky_conveyor_14/11","predicate":{"custom_model_data":100044}},{"model":"polyfactory:block/gen/sticky_conveyor_down_3/12","predicate":{"custom_model_data":100045}},{"model":"polyfactory:block/gen/conveyor_up_9/12","predicate":{"custom_model_data":100046}},{"model":"polyfactory:block/gen/sticky_conveyor_14/12","predicate":{"custom_model_data":100047}},{"model":"polyfactory:block/gen/sticky_conveyor_down_3/13","predicate":{"custom_model_data":100048}},{"model":"polyfactory:block/gen/conveyor_up_9/13","predicate":{"custom_model_data":100049}},{"model":"polyfactory:block/gen/sticky_conveyor_14/13","predicate":{"custom_model_data":100050}},{"model":"polyfactory:block/gen/sticky_conveyor_down_3/14","predicate":{"custom_model_data":100051}},{"model":"polyfactory:block/gen/conveyor_up_9/14","predicate":{"custom_model_data":100052}},{"model":"polyfactory:block/gen/sticky_conveyor_14/14","predicate":{"custom_model_data":100053}},{"model":"polyfactory:block/gen/sticky_conveyor_down_3/15","predicate":{"custom_model_data":100054}},{"model":"polyfactory:block/gen/conveyor_up_9/15","predicate":{"custom_model_data":100055}},{"model":"polyfactory:block/gen/sticky_conveyor_14/15","predicate":{"custom_model_data":100056}},{"model":"polyfactory:block/gen/sticky_conveyor_down_3/16","predicate":{"custom_model_data":100057}},{"model":"polyfactory:block/gen/conveyor_up_9/16","predicate":{"custom_model_data":100058}},{"model":"polyfactory:block/gen/sticky_conveyor_14/16","predicate":{"custom_model_data":100059}},{"model":"polyfactory:block/gen/sticky_conveyor_down_3/17","predicate":{"custom_model_data":100060}},{"model":"polyfactory:block/gen/conveyor_up_9/17","predicate":{"custom_model_data":100061}},{"model":"polyfactory:block/gen/sticky_conveyor_14/17","predicate":{"custom_model_data":100062}},{"model":"polyfactory:block/gen/sticky_conveyor_down_3/18","predicate":{"custom_model_data":100063}},{"model":"polyfactory:block/gen/conveyor_up_9/18","predicate":{"custom_model_data":100064}},{"model":"polyfactory:block/gen/sticky_conveyor_14/18","predicate":{"custom_model_data":100065}},{"model":"polyfactory:block/gen/sticky_conveyor_down_3/19","predicate":{"custom_model_data":100066}},{"model":"polyfactory:block/gen/conveyor_up_9/19","predicate":{"custom_model_data":100067}},{"model":"polyfactory:block/gen/sticky_conveyor_14/19","predicate":{"custom_model_data":100068}},{"model":"polyfactory:block/gen/sticky_conveyor_down_3/20","predicate":{"custom_model_data":100069}},{"model":"polyfactory:block/gen/conveyor_up_9/20","predicate":{"custom_model_data":100070}},{"model":"polyfactory:block/gen/sticky_conveyor_14/20","predicate":{"custom_model_data":100071}}]}