{"parent":"minecraft:block/green_wool","overrides":[{"model":"polyfactory:block/pipe/4","predicate":{"custom_model_data":100001}},{"model":"polyfactory:block/pipe/36","predicate":{"custom_model_data":100002}},{"model":"polyfactory:block/fluid/flat_scaled/3/minecraft/lava","predicate":{"custom_model_data":100003}},{"model":"polyfactory:block/fluid/portable_fluid_tank/h3/minecraft/lava","predicate":{"custom_model_data":100004}},{"model":"polyfactory:block/fluid/portable_fluid_tank/v5/minecraft/milk","predicate":{"custom_model_data":100005}},{"model":"polyfactory:block/fluid/flat_scaled/7/minecraft/experience","predicate":{"custom_model_data":100006}},{"model":"polyfactory:block/fluid/portable_fluid_tank/h7/minecraft/experience","predicate":{"custom_model_data":100007}},{"model":"polyfactory:block/fluid/portable_fluid_tank/v9/minecraft/snow","predicate":{"custom_model_data":100008}}]}