{"parent":"minecraft:item/generated","textures":{"layer0":"minecraft:item/gunpowder"},"overrides":[{"model":"computercraft:block/turtle_elf_overlay","predicate":{"custom_model_data":100001}},{"model":"computercraft:block/disk_drive_invalid","predicate":{"custom_model_data":100002}},{"model":"computercraft:block/monitor_normal_r","predicate":{"custom_model_data":100003}},{"model":"computercraft:block/monitor_advanced","predicate":{"custom_model_data":100004}},{"model":"computercraft:block/cable_core_facing","predicate":{"custom_model_data":100005}},{"model":"constructionwand:item/core_angel","predicate":{"custom_model_data":100006}},{"model":"constructionwand:item/core_destruction","predicate":{"custom_model_data":100007}},{"model":"computercraft:item/pocket_computer_normal_on","predicate":{"custom_model_data":100008}},{"model":"computercraft:item/printed_page","predicate":{"custom_model_data":100009}},{"model":"polyfactory:block/data_memory_cover","predicate":{"custom_model_data":100010}},{"model":"polyfactory:item/slot_aware_funnel","predicate":{"custom_model_data":100011}},{"model":"polyfactory:item/gearbox","predicate":{"custom_model_data":100012}},{"model":"polyfactory:item/copper_plate","predicate":{"custom_model_data":100013}},{"model":"polyfactory:item/item_counter","predicate":{"custom_model_data":100014}},{"model":"polyfactory:item/wireless_redstone_receiver","predicate":{"custom_model_data":100015}},{"model":"polyfactory:item/honeyed_apple","predicate":{"custom_model_data":100016}},{"model":"polyfactory:item/fluid_tank","predicate":{"custom_model_data":100017}},{"model":"polyfactory:block/fluid_tank/negative_single_negative","predicate":{"custom_model_data":100018}},{"model":"polyfactory:block/fluid_tank/middle_single_negative","predicate":{"custom_model_data":100019}},{"model":"polyfactory:block/fluid_tank/positive_positive_single","predicate":{"custom_model_data":100020}},{"model":"polyfactory:block/fluid_tank/single_positive_positive","predicate":{"custom_model_data":100021}},{"model":"polyfactory:item/portable_fluid_tank/minecraft/snow","predicate":{"custom_model_data":100022}}]}