{"parent":"minecraft:item/generated","overrides":[{"model":"minecraft:item/leather_chestplate_quartz_trim","predicate":{"trim_type":0.1}},{"model":"minecraft:item/leather_chestplate_iron_trim","predicate":{"trim_type":0.2}},{"model":"minecraft:item/leather_chestplate_netherite_trim","predicate":{"trim_type":0.3}},{"model":"minecraft:item/leather_chestplate_redstone_trim","predicate":{"trim_type":0.4}},{"model":"minecraft:item/leather_chestplate_copper_trim","predicate":{"trim_type":0.5}},{"model":"minecraft:item/leather_chestplate_gold_trim","predicate":{"trim_type":0.6}},{"model":"minecraft:item/leather_chestplate_emerald_trim","predicate":{"trim_type":0.7}},{"model":"minecraft:item/leather_chestplate_diamond_trim","predicate":{"trim_type":0.8}},{"model":"minecraft:item/leather_chestplate_lapis_trim","predicate":{"trim_type":0.9}},{"model":"minecraft:item/leather_chestplate_amethyst_trim","predicate":{"trim_type":1.0}},{"model":"polyfactory:block/cable_colored/1","predicate":{"custom_model_data":100001}},{"model":"polyfactory:block/cable_colored/6","predicate":{"custom_model_data":100002}},{"model":"polyfactory:block/cable_colored/11","predicate":{"custom_model_data":100003}},{"model":"polyfactory:block/cable_colored/16","predicate":{"custom_model_data":100004}},{"model":"polyfactory:block/cable_colored/21","predicate":{"custom_model_data":100005}},{"model":"polyfactory:block/cable_colored/26","predicate":{"custom_model_data":100006}},{"model":"polyfactory:block/cable_colored/31","predicate":{"custom_model_data":100007}},{"model":"polyfactory:block/cable_colored/36","predicate":{"custom_model_data":100008}},{"model":"polyfactory:block/cable_colored/41","predicate":{"custom_model_data":100009}},{"model":"polyfactory:block/cable_colored/46","predicate":{"custom_model_data":100010}},{"model":"polyfactory:block/cable_colored/51","predicate":{"custom_model_data":100011}},{"model":"polyfactory:block/cable_colored/56","predicate":{"custom_model_data":100012}},{"model":"polyfactory:block/cable_colored/61","predicate":{"custom_model_data":100013}},{"model":"polyfactory:block/cable_colored_wall/2","predicate":{"custom_model_data":100014}},{"model":"polyfactory:block/cable_colored_wall/7","predicate":{"custom_model_data":100015}},{"model":"polyfactory:block/cable_colored_wall/12","predicate":{"custom_model_data":100016}},{"model":"polyfactory:block/cable_colored_wall/17","predicate":{"custom_model_data":100017}},{"model":"polyfactory:block/cable_colored_wall/22","predicate":{"custom_model_data":100018}},{"model":"polyfactory:block/cable_colored_wall/27","predicate":{"custom_model_data":100019}},{"model":"polyfactory:block/cable_colored_wall/32","predicate":{"custom_model_data":100020}},{"model":"polyfactory:block/cable_colored_wall/37","predicate":{"custom_model_data":100021}},{"model":"polyfactory:block/cable_colored_wall/42","predicate":{"custom_model_data":100022}},{"model":"polyfactory:block/cable_colored_wall/47","predicate":{"custom_model_data":100023}},{"model":"polyfactory:block/cable_colored_wall/52","predicate":{"custom_model_data":100024}},{"model":"polyfactory:block/cable_colored_wall/57","predicate":{"custom_model_data":100025}},{"model":"polyfactory:block/cable_colored_wall/62","predicate":{"custom_model_data":100026}},{"model":"polyfactory:block/fluid/flat_scaled/2/minecraft/water","predicate":{"custom_model_data":100027}},{"model":"polyfactory:block/fluid/flat_scaled/7/minecraft/water","predicate":{"custom_model_data":100028}},{"model":"polyfactory:block/fluid/flat_scaled/12/minecraft/water","predicate":{"custom_model_data":100029}},{"model":"polyfactory:block/fluid/portable_fluid_tank/v1/minecraft/water","predicate":{"custom_model_data":100030}},{"model":"polyfactory:block/fluid/portable_fluid_tank/v6/minecraft/water","predicate":{"custom_model_data":100031}},{"model":"polyfactory:block/fluid/portable_fluid_tank/v11/minecraft/water","predicate":{"custom_model_data":100032}},{"model":"polyfactory:block/fluid/portable_fluid_tank/v16/minecraft/water","predicate":{"custom_model_data":100033}},{"model":"polyfactory:block/fluid/portable_fluid_tank/h5/minecraft/water","predicate":{"custom_model_data":100034}},{"model":"polyfactory:block/fluid/portable_fluid_tank/h10/minecraft/water","predicate":{"custom_model_data":100035}},{"model":"polyfactory:block/fluid/flat_scaled/1/minecraft/potion","predicate":{"custom_model_data":100036}},{"model":"polyfactory:block/fluid/flat_scaled/6/minecraft/potion","predicate":{"custom_model_data":100037}},{"model":"polyfactory:block/fluid/flat_scaled/11/minecraft/potion","predicate":{"custom_model_data":100038}},{"model":"polyfactory:block/fluid/filtered_pipe/minecraft/potion","predicate":{"custom_model_data":100039}},{"model":"polyfactory:block/fluid/portable_fluid_tank/v5/minecraft/potion","predicate":{"custom_model_data":100040}},{"model":"polyfactory:block/fluid/portable_fluid_tank/v10/minecraft/potion","predicate":{"custom_model_data":100041}},{"model":"polyfactory:block/fluid/portable_fluid_tank/v15/minecraft/potion","predicate":{"custom_model_data":100042}},{"model":"polyfactory:block/fluid/portable_fluid_tank/h4/minecraft/potion","predicate":{"custom_model_data":100043}},{"model":"polyfactory:block/fluid/portable_fluid_tank/h9/minecraft/potion","predicate":{"custom_model_data":100044}}],"textures":{"layer0":"minecraft:item/leather_chestplate","layer1":"minecraft:item/leather_chestplate_overlay"}}