{"parent":"minecraft:item/generated","overrides":[{"model":"minecraft:item/leather_helmet_quartz_trim","predicate":{"trim_type":0.1}},{"model":"minecraft:item/leather_helmet_iron_trim","predicate":{"trim_type":0.2}},{"model":"minecraft:item/leather_helmet_netherite_trim","predicate":{"trim_type":0.3}},{"model":"minecraft:item/leather_helmet_redstone_trim","predicate":{"trim_type":0.4}},{"model":"minecraft:item/leather_helmet_copper_trim","predicate":{"trim_type":0.5}},{"model":"minecraft:item/leather_helmet_gold_trim","predicate":{"trim_type":0.6}},{"model":"minecraft:item/leather_helmet_emerald_trim","predicate":{"trim_type":0.7}},{"model":"minecraft:item/leather_helmet_diamond_trim","predicate":{"trim_type":0.8}},{"model":"minecraft:item/leather_helmet_lapis_trim","predicate":{"trim_type":0.9}},{"model":"minecraft:item/leather_helmet_amethyst_trim","predicate":{"trim_type":1.0}},{"model":"polyfactory:block/cable_colored/0","predicate":{"custom_model_data":100001}},{"model":"polyfactory:block/cable_colored/5","predicate":{"custom_model_data":100002}},{"model":"polyfactory:block/cable_colored/10","predicate":{"custom_model_data":100003}},{"model":"polyfactory:block/cable_colored/15","predicate":{"custom_model_data":100004}},{"model":"polyfactory:block/cable_colored/20","predicate":{"custom_model_data":100005}},{"model":"polyfactory:block/cable_colored/25","predicate":{"custom_model_data":100006}},{"model":"polyfactory:block/cable_colored/30","predicate":{"custom_model_data":100007}},{"model":"polyfactory:block/cable_colored/35","predicate":{"custom_model_data":100008}},{"model":"polyfactory:block/cable_colored/40","predicate":{"custom_model_data":100009}},{"model":"polyfactory:block/cable_colored/45","predicate":{"custom_model_data":100010}},{"model":"polyfactory:block/cable_colored/50","predicate":{"custom_model_data":100011}},{"model":"polyfactory:block/cable_colored/55","predicate":{"custom_model_data":100012}},{"model":"polyfactory:block/cable_colored/60","predicate":{"custom_model_data":100013}},{"model":"polyfactory:block/cable_colored_wall/1","predicate":{"custom_model_data":100014}},{"model":"polyfactory:block/cable_colored_wall/6","predicate":{"custom_model_data":100015}},{"model":"polyfactory:block/cable_colored_wall/11","predicate":{"custom_model_data":100016}},{"model":"polyfactory:block/cable_colored_wall/16","predicate":{"custom_model_data":100017}},{"model":"polyfactory:block/cable_colored_wall/21","predicate":{"custom_model_data":100018}},{"model":"polyfactory:block/cable_colored_wall/26","predicate":{"custom_model_data":100019}},{"model":"polyfactory:block/cable_colored_wall/31","predicate":{"custom_model_data":100020}},{"model":"polyfactory:block/cable_colored_wall/36","predicate":{"custom_model_data":100021}},{"model":"polyfactory:block/cable_colored_wall/41","predicate":{"custom_model_data":100022}},{"model":"polyfactory:block/cable_colored_wall/46","predicate":{"custom_model_data":100023}},{"model":"polyfactory:block/cable_colored_wall/51","predicate":{"custom_model_data":100024}},{"model":"polyfactory:block/cable_colored_wall/56","predicate":{"custom_model_data":100025}},{"model":"polyfactory:block/cable_colored_wall/61","predicate":{"custom_model_data":100026}},{"model":"polyfactory:block/fluid/flat_scaled/1/minecraft/water","predicate":{"custom_model_data":100027}},{"model":"polyfactory:block/fluid/flat_scaled/6/minecraft/water","predicate":{"custom_model_data":100028}},{"model":"polyfactory:block/fluid/flat_scaled/11/minecraft/water","predicate":{"custom_model_data":100029}},{"model":"polyfactory:block/fluid/filtered_pipe/minecraft/water","predicate":{"custom_model_data":100030}},{"model":"polyfactory:block/fluid/portable_fluid_tank/v5/minecraft/water","predicate":{"custom_model_data":100031}},{"model":"polyfactory:block/fluid/portable_fluid_tank/v10/minecraft/water","predicate":{"custom_model_data":100032}},{"model":"polyfactory:block/fluid/portable_fluid_tank/v15/minecraft/water","predicate":{"custom_model_data":100033}},{"model":"polyfactory:block/fluid/portable_fluid_tank/h4/minecraft/water","predicate":{"custom_model_data":100034}},{"model":"polyfactory:block/fluid/portable_fluid_tank/h9/minecraft/water","predicate":{"custom_model_data":100035}},{"model":"polyfactory:particle/fluid/particle/minecraft/potion","predicate":{"custom_model_data":100036}},{"model":"polyfactory:block/fluid/flat_scaled/5/minecraft/potion","predicate":{"custom_model_data":100037}},{"model":"polyfactory:block/fluid/flat_scaled/10/minecraft/potion","predicate":{"custom_model_data":100038}},{"model":"polyfactory:block/fluid/flat_scaled/15/minecraft/potion","predicate":{"custom_model_data":100039}},{"model":"polyfactory:block/fluid/portable_fluid_tank/v4/minecraft/potion","predicate":{"custom_model_data":100040}},{"model":"polyfactory:block/fluid/portable_fluid_tank/v9/minecraft/potion","predicate":{"custom_model_data":100041}},{"model":"polyfactory:block/fluid/portable_fluid_tank/v14/minecraft/potion","predicate":{"custom_model_data":100042}},{"model":"polyfactory:block/fluid/portable_fluid_tank/h3/minecraft/potion","predicate":{"custom_model_data":100043}},{"model":"polyfactory:block/fluid/portable_fluid_tank/h8/minecraft/potion","predicate":{"custom_model_data":100044}},{"model":"polyfactory:block/redstone_output_overlay","predicate":{"custom_model_data":100045}},{"model":"polyfactory:block/redstone_input_overlay","predicate":{"custom_model_data":100046}}],"textures":{"layer0":"minecraft:item/leather_helmet","layer1":"minecraft:item/leather_helmet_overlay"}}