{"parent":"minecraft:item/generated","textures":{"layer0":"minecraft:item/leather_horse_armor"},"overrides":[{"model":"polyfactory:block/windmill_sail","predicate":{"custom_model_data":100001}},{"model":"polyfactory:block/windmill_sail_flip","predicate":{"custom_model_data":100002}},{"model":"polyfactory:item/portable_redstone_transmitter","predicate":{"custom_model_data":100003}},{"model":"polyfactory:item/spray_can","predicate":{"custom_model_data":100004}},{"model":"polyfactory:block/cable_colored/4","predicate":{"custom_model_data":100005}},{"model":"polyfactory:block/cable_colored/9","predicate":{"custom_model_data":100006}},{"model":"polyfactory:block/cable_colored/14","predicate":{"custom_model_data":100007}},{"model":"polyfactory:block/cable_colored/19","predicate":{"custom_model_data":100008}},{"model":"polyfactory:block/cable_colored/24","predicate":{"custom_model_data":100009}},{"model":"polyfactory:block/cable_colored/29","predicate":{"custom_model_data":100010}},{"model":"polyfactory:block/cable_colored/34","predicate":{"custom_model_data":100011}},{"model":"polyfactory:block/cable_colored/39","predicate":{"custom_model_data":100012}},{"model":"polyfactory:block/cable_colored/44","predicate":{"custom_model_data":100013}},{"model":"polyfactory:block/cable_colored/49","predicate":{"custom_model_data":100014}},{"model":"polyfactory:block/cable_colored/54","predicate":{"custom_model_data":100015}},{"model":"polyfactory:block/cable_colored/59","predicate":{"custom_model_data":100016}},{"model":"polyfactory:block/cable_colored_wall/0","predicate":{"custom_model_data":100017}},{"model":"polyfactory:block/cable_colored_wall/5","predicate":{"custom_model_data":100018}},{"model":"polyfactory:block/cable_colored_wall/10","predicate":{"custom_model_data":100019}},{"model":"polyfactory:block/cable_colored_wall/15","predicate":{"custom_model_data":100020}},{"model":"polyfactory:block/cable_colored_wall/20","predicate":{"custom_model_data":100021}},{"model":"polyfactory:block/cable_colored_wall/25","predicate":{"custom_model_data":100022}},{"model":"polyfactory:block/cable_colored_wall/30","predicate":{"custom_model_data":100023}},{"model":"polyfactory:block/cable_colored_wall/35","predicate":{"custom_model_data":100024}},{"model":"polyfactory:block/cable_colored_wall/40","predicate":{"custom_model_data":100025}},{"model":"polyfactory:block/cable_colored_wall/45","predicate":{"custom_model_data":100026}},{"model":"polyfactory:block/cable_colored_wall/50","predicate":{"custom_model_data":100027}},{"model":"polyfactory:block/cable_colored_wall/55","predicate":{"custom_model_data":100028}},{"model":"polyfactory:block/cable_colored_wall/60","predicate":{"custom_model_data":100029}},{"model":"polyfactory:particle/fluid/particle/minecraft/water","predicate":{"custom_model_data":100030}},{"model":"polyfactory:block/fluid/flat_scaled/5/minecraft/water","predicate":{"custom_model_data":100031}},{"model":"polyfactory:block/fluid/flat_scaled/10/minecraft/water","predicate":{"custom_model_data":100032}},{"model":"polyfactory:block/fluid/flat_scaled/15/minecraft/water","predicate":{"custom_model_data":100033}},{"model":"polyfactory:block/fluid/portable_fluid_tank/v4/minecraft/water","predicate":{"custom_model_data":100034}},{"model":"polyfactory:block/fluid/portable_fluid_tank/v9/minecraft/water","predicate":{"custom_model_data":100035}},{"model":"polyfactory:block/fluid/portable_fluid_tank/v14/minecraft/water","predicate":{"custom_model_data":100036}},{"model":"polyfactory:block/fluid/portable_fluid_tank/h3/minecraft/water","predicate":{"custom_model_data":100037}},{"model":"polyfactory:block/fluid/portable_fluid_tank/h8/minecraft/water","predicate":{"custom_model_data":100038}},{"model":"polyfactory:block/fluid/flat_model/minecraft/potion","predicate":{"custom_model_data":100039}},{"model":"polyfactory:block/fluid/flat_scaled/4/minecraft/potion","predicate":{"custom_model_data":100040}},{"model":"polyfactory:block/fluid/flat_scaled/9/minecraft/potion","predicate":{"custom_model_data":100041}},{"model":"polyfactory:block/fluid/flat_scaled/14/minecraft/potion","predicate":{"custom_model_data":100042}},{"model":"polyfactory:block/fluid/portable_fluid_tank/v3/minecraft/potion","predicate":{"custom_model_data":100043}},{"model":"polyfactory:block/fluid/portable_fluid_tank/v8/minecraft/potion","predicate":{"custom_model_data":100044}},{"model":"polyfactory:block/fluid/portable_fluid_tank/v13/minecraft/potion","predicate":{"custom_model_data":100045}},{"model":"polyfactory:block/fluid/portable_fluid_tank/h2/minecraft/potion","predicate":{"custom_model_data":100046}},{"model":"polyfactory:block/fluid/portable_fluid_tank/h7/minecraft/potion","predicate":{"custom_model_data":100047}},{"model":"polyfactory:block/fluid/portable_fluid_tank/h12/minecraft/potion","predicate":{"custom_model_data":100048}},{"model":"bil:item/penguin/3328a425-146b-273f-eeae-cd267de4c87e","predicate":{"custom_model_data":100049}},{"model":"bil:item/penguin/7a99a611-2b15-f0f5-6a7f-1e85a86b6e9c","predicate":{"custom_model_data":100050}},{"model":"bil:item/penguin/646613cd-c9a3-a4a7-7697-bef0a6c96b38","predicate":{"custom_model_data":100051}},{"model":"bil:item/penguin/df59ee4a-74f7-3dde-3fbf-82cc60204ca5","predicate":{"custom_model_data":100052}},{"model":"bil:item/penguin/3e73827f-27fa-bb3f-4837-8265af6bf3c9","predicate":{"custom_model_data":100053}},{"model":"bil:item/penguin/d8ec7c47-43ae-e354-9aaf-6529ae3bf38b","predicate":{"custom_model_data":100054}},{"model":"bil:item/penguin/3328a425-146b-273f-eeae-cd267de4c87e_apple","predicate":{"custom_model_data":100055}},{"model":"bil:item/penguin/7a99a611-2b15-f0f5-6a7f-1e85a86b6e9c_apple","predicate":{"custom_model_data":100056}},{"model":"bil:item/penguin/646613cd-c9a3-a4a7-7697-bef0a6c96b38_apple","predicate":{"custom_model_data":100057}},{"model":"bil:item/penguin/df59ee4a-74f7-3dde-3fbf-82cc60204ca5_apple","predicate":{"custom_model_data":100058}},{"model":"bil:item/penguin/3e73827f-27fa-bb3f-4837-8265af6bf3c9_apple","predicate":{"custom_model_data":100059}},{"model":"bil:item/penguin/d8ec7c47-43ae-e354-9aaf-6529ae3bf38b_apple","predicate":{"custom_model_data":100060}},{"model":"bil:item/elephant/48f814e2-254e-6707-fae3-5378e0f356da","predicate":{"custom_model_data":100061}},{"model":"bil:item/elephant/2b6ceb5b-d7de-81f6-5397-9fe9a8cf6267","predicate":{"custom_model_data":100062}},{"model":"bil:item/elephant/6c311d64-f82e-c13b-9d7d-c2238860e366","predicate":{"custom_model_data":100063}},{"model":"bil:item/elephant/e7855908-5347-e416-4cb6-93472f7c0e48","predicate":{"custom_model_data":100064}},{"model":"bil:item/elephant/48558460-4686-5dc4-9856-0efa2cd21f69","predicate":{"custom_model_data":100065}},{"model":"bil:item/elephant/2703bb71-9289-7e61-a884-c9d5dec5a09d","predicate":{"custom_model_data":100066}},{"model":"bil:item/elephant/b01431de-6d3f-675d-5b67-51b6a7a03cd1","predicate":{"custom_model_data":100067}},{"model":"bil:item/elephant/b8afd67f-41d5-d565-06cf-0d28752caea3","predicate":{"custom_model_data":100068}},{"model":"bil:item/elephant/32426339-854d-eb79-affb-55c818fbcdd2","predicate":{"custom_model_data":100069}},{"model":"bil:item/elephant/48f814e2-254e-6707-fae3-5378e0f356da_hurt","predicate":{"custom_model_data":100070}},{"model":"bil:item/elephant/2b6ceb5b-d7de-81f6-5397-9fe9a8cf6267_hurt","predicate":{"custom_model_data":100071}},{"model":"bil:item/elephant/6c311d64-f82e-c13b-9d7d-c2238860e366_hurt","predicate":{"custom_model_data":100072}},{"model":"bil:item/elephant/e7855908-5347-e416-4cb6-93472f7c0e48_hurt","predicate":{"custom_model_data":100073}},{"model":"bil:item/elephant/48558460-4686-5dc4-9856-0efa2cd21f69_hurt","predicate":{"custom_model_data":100074}},{"model":"bil:item/elephant/2703bb71-9289-7e61-a884-c9d5dec5a09d_hurt","predicate":{"custom_model_data":100075}},{"model":"bil:item/elephant/b01431de-6d3f-675d-5b67-51b6a7a03cd1_hurt","predicate":{"custom_model_data":100076}},{"model":"bil:item/elephant/b8afd67f-41d5-d565-06cf-0d28752caea3_hurt","predicate":{"custom_model_data":100077}},{"model":"bil:item/elephant/32426339-854d-eb79-affb-55c818fbcdd2_hurt","predicate":{"custom_model_data":100078}},{"model":"bil:item/capybara/c4e83596-742d-217d-5d4d-5c48d0c197f5","predicate":{"custom_model_data":100079}},{"model":"bil:item/capybara/7feabb6f-26bd-dcbc-13e2-96c0bb30a802","predicate":{"custom_model_data":100080}},{"model":"bil:item/capybara/03adfd1c-41ef-53ec-0eb2-52a26a211b0a","predicate":{"custom_model_data":100081}},{"model":"bil:item/capybara/0162ebe0-cf18-5594-5909-db98a72c07ef","predicate":{"custom_model_data":100082}},{"model":"bil:item/capybara/b5807513-5afc-4bfe-dbb9-e2a9d97437e9","predicate":{"custom_model_data":100083}},{"model":"bil:item/capybara/26731cae-e7b9-6b74-ff09-f38bdb3e7d60","predicate":{"custom_model_data":100084}},{"model":"bil:item/capybara/c4e83596-742d-217d-5d4d-5c48d0c197f5_apple","predicate":{"custom_model_data":100085}},{"model":"bil:item/capybara/7feabb6f-26bd-dcbc-13e2-96c0bb30a802_apple","predicate":{"custom_model_data":100086}},{"model":"bil:item/capybara/03adfd1c-41ef-53ec-0eb2-52a26a211b0a_apple","predicate":{"custom_model_data":100087}},{"model":"bil:item/capybara/0162ebe0-cf18-5594-5909-db98a72c07ef_apple","predicate":{"custom_model_data":100088}},{"model":"bil:item/capybara/b5807513-5afc-4bfe-dbb9-e2a9d97437e9_apple","predicate":{"custom_model_data":100089}},{"model":"bil:item/capybara/26731cae-e7b9-6b74-ff09-f38bdb3e7d60_apple","predicate":{"custom_model_data":100090}},{"model":"bil:item/nautilus/348f5f87-d5e0-27db-8d0f-660bb3c044c1","predicate":{"custom_model_data":100091}},{"model":"bil:item/nautilus/83afc795-d610-9ed4-85c3-495a81ea3745","predicate":{"custom_model_data":100092}},{"model":"bil:item/mantaray/f2cd1559-618f-1274-5a62-c777b05a67df","predicate":{"custom_model_data":100093}},{"model":"bil:item/mantaray/cfcd376c-f047-b4bd-ce68-d1467057814e","predicate":{"custom_model_data":100094}},{"model":"bil:item/mantaray/9eedd2f8-0ea0-879c-7b41-65afcd69a25b","predicate":{"custom_model_data":100095}},{"model":"bil:item/mantaray/1942a868-90d9-83da-5c4d-6fccb3d8c65f","predicate":{"custom_model_data":100096}},{"model":"bil:item/mantaray/dabd30f1-ed8c-2f80-56d8-5f8c093d1e29","predicate":{"custom_model_data":100097}},{"model":"bil:item/mantaray/c02cf7c8-5f92-2025-66a4-7811106fdb27","predicate":{"custom_model_data":100098}},{"model":"bil:item/tuna/1b94d5e7-f7f6-a151-a06b-d57d1937181e","predicate":{"custom_model_data":100099}},{"model":"bil:item/tuna/6526733a-910e-4757-c1cf-602c0cc646cd","predicate":{"custom_model_data":100100}},{"model":"bil:item/tuna/5d93a99a-4d05-7b5a-a791-837a4d004a07","predicate":{"custom_model_data":100101}},{"model":"bil:item/tuna/ca3fe14b-3dc0-fddd-d3d3-3d01c32b5b05","predicate":{"custom_model_data":100102}},{"model":"bil:item/tuna/20b28f3e-ab34-088f-04a6-4504c1fb9e05","predicate":{"custom_model_data":100103}},{"model":"bil:item/tuna/bf27889c-a670-c61a-03c3-cfaeb6ab1a54","predicate":{"custom_model_data":100104}},{"model":"bil:item/tuna/95263c04-81ad-bb20-2f18-ab07bc885b07","predicate":{"custom_model_data":100105}},{"model":"bil:item/lobster/bbea8e5f-de21-fda1-7bfb-b988801e066c","predicate":{"custom_model_data":100106}},{"model":"bil:item/lobster/5b6e0083-3739-5652-9848-f25f3c395602","predicate":{"custom_model_data":100107}},{"model":"bil:item/lobster/6efc8ff9-2721-1809-f17c-e0858817b857","predicate":{"custom_model_data":100108}},{"model":"bil:item/lobster/786fb416-d404-942d-7a37-bdf34b9364fb","predicate":{"custom_model_data":100109}},{"model":"bil:item/lobster/7631ddf3-ed03-03b2-b003-d466e44e09f1","predicate":{"custom_model_data":100110}},{"model":"bil:item/lobster/87406a01-d6ec-d2fc-12c4-f9c001fcc613","predicate":{"custom_model_data":100111}},{"model":"bil:item/firemoth/06fc9b2b-e287-d397-a8fe-dce1216063fb","predicate":{"custom_model_data":100112}},{"model":"bil:item/firemoth/331aaddb-2af5-6767-a85f-4eb9e8963d62","predicate":{"custom_model_data":100113}},{"model":"bil:item/firemoth/91af711d-0838-94e3-e562-86aa63af7d5a","predicate":{"custom_model_data":100114}},{"model":"bil:item/firemoth/06fc9b2b-e287-d397-a8fe-dce1216063fb_hurt","predicate":{"custom_model_data":100115}},{"model":"bil:item/firemoth/331aaddb-2af5-6767-a85f-4eb9e8963d62_hurt","predicate":{"custom_model_data":100116}},{"model":"bil:item/firemoth/91af711d-0838-94e3-e562-86aa63af7d5a_hurt","predicate":{"custom_model_data":100117}},{"model":"bil:item/butterfly/21d5417b-3fef-e5d8-954c-44df9c6bfb5e","predicate":{"custom_model_data":100118}},{"model":"bil:item/butterfly/21d5417b-3fef-e5d8-954c-44df9c6bfb5e_1","predicate":{"custom_model_data":100119}},{"model":"bil:item/butterfly/21d5417b-3fef-e5d8-954c-44df9c6bfb5e_2","predicate":{"custom_model_data":100120}},{"model":"bil:item/snake/f3e1ae69-5545-089a-205c-0f85788abbf1","predicate":{"custom_model_data":100121}},{"model":"bil:item/snake/a34c7b7e-0756-f284-8655-0d0e778389c8","predicate":{"custom_model_data":100122}},{"model":"bil:item/snake/9b1f3c7d-c42c-c0d5-fe1f-f322de2e0e98","predicate":{"custom_model_data":100123}},{"model":"bil:item/snake/8ac7327f-b6b4-97a8-cd9e-a1755e06301e","predicate":{"custom_model_data":100124}},{"model":"bil:item/snake/f3e1ae69-5545-089a-205c-0f85788abbf1_hurt","predicate":{"custom_model_data":100125}},{"model":"bil:item/snake/a34c7b7e-0756-f284-8655-0d0e778389c8_hurt","predicate":{"custom_model_data":100126}},{"model":"bil:item/snake/9b1f3c7d-c42c-c0d5-fe1f-f322de2e0e98_hurt","predicate":{"custom_model_data":100127}},{"model":"bil:item/snake/8ac7327f-b6b4-97a8-cd9e-a1755e06301e_hurt","predicate":{"custom_model_data":100128}},{"model":"bil:item/sculkling/20ad2b87-c8f6-a7a7-4312-ba4c853f7eb8","predicate":{"custom_model_data":100129}},{"model":"bil:item/sculkling/4940dc0e-4514-315a-d4e9-525a56f2233b","predicate":{"custom_model_data":100130}},{"model":"bil:item/sculkling/45e62124-b069-620d-68fb-2b91ded6c511","predicate":{"custom_model_data":100131}},{"model":"bil:item/sculkling/20ad2b87-c8f6-a7a7-4312-ba4c853f7eb8_hurt","predicate":{"custom_model_data":100132}},{"model":"bil:item/sculkling/4940dc0e-4514-315a-d4e9-525a56f2233b_hurt","predicate":{"custom_model_data":100133}},{"model":"bil:item/sculkling/45e62124-b069-620d-68fb-2b91ded6c511_hurt","predicate":{"custom_model_data":100134}},{"model":"bil:item/showmaster/f7a47e46-cdcc-3459-b4dd-a65da2b751af","predicate":{"custom_model_data":100135}},{"model":"bil:item/showmaster/a0ecf74a-ef42-107b-f6b7-ef402f75465e","predicate":{"custom_model_data":100136}},{"model":"bil:item/showmaster/06862c9c-d3ac-6571-b562-5b0204028a99","predicate":{"custom_model_data":100137}},{"model":"bil:item/showmaster/00fce31f-60f7-dc73-25bf-06ed63b928b3","predicate":{"custom_model_data":100138}},{"model":"bil:item/showmaster/aabda439-025f-71b5-289e-51b17c619b5b","predicate":{"custom_model_data":100139}},{"model":"bil:item/showmaster/f3c273ec-bd96-4f86-9b63-06b6c12121a6","predicate":{"custom_model_data":100140}},{"model":"bil:item/showmaster/60dfbb43-b38c-18c4-3fa8-c58739a3e8a7","predicate":{"custom_model_data":100141}},{"model":"bil:item/showmaster/f7a47e46-cdcc-3459-b4dd-a65da2b751af_hurt","predicate":{"custom_model_data":100142}},{"model":"bil:item/showmaster/a0ecf74a-ef42-107b-f6b7-ef402f75465e_hurt","predicate":{"custom_model_data":100143}},{"model":"bil:item/showmaster/06862c9c-d3ac-6571-b562-5b0204028a99_hurt","predicate":{"custom_model_data":100144}},{"model":"bil:item/showmaster/00fce31f-60f7-dc73-25bf-06ed63b928b3_hurt","predicate":{"custom_model_data":100145}},{"model":"bil:item/showmaster/aabda439-025f-71b5-289e-51b17c619b5b_hurt","predicate":{"custom_model_data":100146}},{"model":"bil:item/showmaster/f3c273ec-bd96-4f86-9b63-06b6c12121a6_hurt","predicate":{"custom_model_data":100147}},{"model":"bil:item/showmaster/60dfbb43-b38c-18c4-3fa8-c58739a3e8a7_hurt","predicate":{"custom_model_data":100148}},{"model":"bil:item/iceologer/7420f940-d82f-07a5-298f-9dc4a99e099e","predicate":{"custom_model_data":100149}},{"model":"bil:item/iceologer/e062eb19-77fd-05fc-be7c-fd698d83af99","predicate":{"custom_model_data":100150}},{"model":"bil:item/iceologer/d76d1c3c-8344-f3a5-9213-7da7a85036e1","predicate":{"custom_model_data":100151}},{"model":"bil:item/iceologer/af335c28-a759-8d8b-492b-747294c1d44f","predicate":{"custom_model_data":100152}},{"model":"bil:item/iceologer/dde16d25-c042-6a88-d565-cdebd2d9f1bf","predicate":{"custom_model_data":100153}},{"model":"bil:item/iceologer/2294d20d-bf8e-ef1d-582a-4bc5b80a9b1a","predicate":{"custom_model_data":100154}},{"model":"bil:item/ice_spike/3ed80866-339a-472b-a79f-52a7c95e3b7e","predicate":{"custom_model_data":100155}},{"model":"bil:item/ice_spike/dcbfa429-9fbf-ab0c-23b7-c4b86f0d17f0","predicate":{"custom_model_data":100156}},{"model":"bil:item/ice_spike/71eaaeb3-15ee-c4b9-3bbd-c1893cd15373","predicate":{"custom_model_data":100157}},{"model":"bil:item/ice_spike/b525c53e-b48c-53b0-9f1a-b932381f6418","predicate":{"custom_model_data":100158}},{"model":"bil:item/ice_spike_small/3ed80866-339a-472b-a79f-52a7c95e3b7e","predicate":{"custom_model_data":100159}},{"model":"bil:item/ice_spike_small/77e779ef-15fd-aadb-ba31-931e7f456f89","predicate":{"custom_model_data":100160}},{"model":"bil:item/ice_cluster/d391d707-1fd2-e54b-3a17-8dd9e8f4eed1","predicate":{"custom_model_data":100161}}]}