{"parent":"minecraft:item/generated","overrides":[{"model":"minecraft:item/leather_boots_quartz_trim","predicate":{"trim_type":0.1}},{"model":"minecraft:item/leather_boots_iron_trim","predicate":{"trim_type":0.2}},{"model":"minecraft:item/leather_boots_netherite_trim","predicate":{"trim_type":0.3}},{"model":"minecraft:item/leather_boots_redstone_trim","predicate":{"trim_type":0.4}},{"model":"minecraft:item/leather_boots_copper_trim","predicate":{"trim_type":0.5}},{"model":"minecraft:item/leather_boots_gold_trim","predicate":{"trim_type":0.6}},{"model":"minecraft:item/leather_boots_emerald_trim","predicate":{"trim_type":0.7}},{"model":"minecraft:item/leather_boots_diamond_trim","predicate":{"trim_type":0.8}},{"model":"minecraft:item/leather_boots_lapis_trim","predicate":{"trim_type":0.9}},{"model":"minecraft:item/leather_boots_amethyst_trim","predicate":{"trim_type":1.0}},{"model":"polyfactory:block/cable_colored/3","predicate":{"custom_model_data":100001}},{"model":"polyfactory:block/cable_colored/8","predicate":{"custom_model_data":100002}},{"model":"polyfactory:block/cable_colored/13","predicate":{"custom_model_data":100003}},{"model":"polyfactory:block/cable_colored/18","predicate":{"custom_model_data":100004}},{"model":"polyfactory:block/cable_colored/23","predicate":{"custom_model_data":100005}},{"model":"polyfactory:block/cable_colored/28","predicate":{"custom_model_data":100006}},{"model":"polyfactory:block/cable_colored/33","predicate":{"custom_model_data":100007}},{"model":"polyfactory:block/cable_colored/38","predicate":{"custom_model_data":100008}},{"model":"polyfactory:block/cable_colored/43","predicate":{"custom_model_data":100009}},{"model":"polyfactory:block/cable_colored/48","predicate":{"custom_model_data":100010}},{"model":"polyfactory:block/cable_colored/53","predicate":{"custom_model_data":100011}},{"model":"polyfactory:block/cable_colored/58","predicate":{"custom_model_data":100012}},{"model":"polyfactory:block/cable_colored/63","predicate":{"custom_model_data":100013}},{"model":"polyfactory:block/cable_colored_wall/4","predicate":{"custom_model_data":100014}},{"model":"polyfactory:block/cable_colored_wall/9","predicate":{"custom_model_data":100015}},{"model":"polyfactory:block/cable_colored_wall/14","predicate":{"custom_model_data":100016}},{"model":"polyfactory:block/cable_colored_wall/19","predicate":{"custom_model_data":100017}},{"model":"polyfactory:block/cable_colored_wall/24","predicate":{"custom_model_data":100018}},{"model":"polyfactory:block/cable_colored_wall/29","predicate":{"custom_model_data":100019}},{"model":"polyfactory:block/cable_colored_wall/34","predicate":{"custom_model_data":100020}},{"model":"polyfactory:block/cable_colored_wall/39","predicate":{"custom_model_data":100021}},{"model":"polyfactory:block/cable_colored_wall/44","predicate":{"custom_model_data":100022}},{"model":"polyfactory:block/cable_colored_wall/49","predicate":{"custom_model_data":100023}},{"model":"polyfactory:block/cable_colored_wall/54","predicate":{"custom_model_data":100024}},{"model":"polyfactory:block/cable_colored_wall/59","predicate":{"custom_model_data":100025}},{"model":"polyfactory:block/fluid/flat_model/minecraft/water","predicate":{"custom_model_data":100026}},{"model":"polyfactory:block/fluid/flat_scaled/4/minecraft/water","predicate":{"custom_model_data":100027}},{"model":"polyfactory:block/fluid/flat_scaled/9/minecraft/water","predicate":{"custom_model_data":100028}},{"model":"polyfactory:block/fluid/flat_scaled/14/minecraft/water","predicate":{"custom_model_data":100029}},{"model":"polyfactory:block/fluid/portable_fluid_tank/v3/minecraft/water","predicate":{"custom_model_data":100030}},{"model":"polyfactory:block/fluid/portable_fluid_tank/v8/minecraft/water","predicate":{"custom_model_data":100031}},{"model":"polyfactory:block/fluid/portable_fluid_tank/v13/minecraft/water","predicate":{"custom_model_data":100032}},{"model":"polyfactory:block/fluid/portable_fluid_tank/h2/minecraft/water","predicate":{"custom_model_data":100033}},{"model":"polyfactory:block/fluid/portable_fluid_tank/h7/minecraft/water","predicate":{"custom_model_data":100034}},{"model":"polyfactory:block/fluid/portable_fluid_tank/h12/minecraft/water","predicate":{"custom_model_data":100035}},{"model":"polyfactory:block/fluid/flat_scaled/3/minecraft/potion","predicate":{"custom_model_data":100036}},{"model":"polyfactory:block/fluid/flat_scaled/8/minecraft/potion","predicate":{"custom_model_data":100037}},{"model":"polyfactory:block/fluid/flat_scaled/13/minecraft/potion","predicate":{"custom_model_data":100038}},{"model":"polyfactory:block/fluid/portable_fluid_tank/v2/minecraft/potion","predicate":{"custom_model_data":100039}},{"model":"polyfactory:block/fluid/portable_fluid_tank/v7/minecraft/potion","predicate":{"custom_model_data":100040}},{"model":"polyfactory:block/fluid/portable_fluid_tank/v12/minecraft/potion","predicate":{"custom_model_data":100041}},{"model":"polyfactory:block/fluid/portable_fluid_tank/h1/minecraft/potion","predicate":{"custom_model_data":100042}},{"model":"polyfactory:block/fluid/portable_fluid_tank/h6/minecraft/potion","predicate":{"custom_model_data":100043}},{"model":"polyfactory:block/fluid/portable_fluid_tank/h11/minecraft/potion","predicate":{"custom_model_data":100044}}],"textures":{"layer0":"minecraft:item/leather_boots","layer1":"minecraft:item/leather_boots_overlay"}}