{"parent":"minecraft:item/generated","textures":{"layer0":"minecraft:item/leather"},"overrides":[{"model":"computercraft:block/turtle_speaker_left","predicate":{"custom_model_data":100001}},{"model":"computercraft:block/turtle_advanced","predicate":{"custom_model_data":100002}},{"model":"computercraft:block/monitor_normal_lrud","predicate":{"custom_model_data":100003}},{"model":"computercraft:block/monitor_advanced_lru","predicate":{"custom_model_data":100004}},{"model":"computercraft:block/wired_modem_full_off","predicate":{"custom_model_data":100005}},{"model":"computercraft:item/computer_command","predicate":{"custom_model_data":100006}},{"model":"computercraft:item/redstone_relay","predicate":{"custom_model_data":100007}},{"model":"polyfactory:block/ejector_base","predicate":{"custom_model_data":100008}},{"model":"polyfactory:item/clipboard","predicate":{"custom_model_data":100009}},{"model":"polyfactory:item/placer","predicate":{"custom_model_data":100010}},{"model":"polyfactory:item/steel_alloy_mixture","predicate":{"custom_model_data":100011}},{"model":"polyfactory:item/creative_motor","predicate":{"custom_model_data":100012}},{"model":"polyfactory:item/programmable_data_extractor","predicate":{"custom_model_data":100013}},{"model":"polyfactory:item/tiny_potato_spring","predicate":{"custom_model_data":100014}},{"model":"polyfactory:item/drain","predicate":{"custom_model_data":100015}},{"model":"polyfactory:block/fluid_tank/negative_positive_negative","predicate":{"custom_model_data":100016}},{"model":"polyfactory:block/fluid_tank/middle_positive_negative","predicate":{"custom_model_data":100017}},{"model":"polyfactory:block/fluid_tank/positive_middle_single","predicate":{"custom_model_data":100018}},{"model":"polyfactory:block/fluid_tank/single_middle_positive","predicate":{"custom_model_data":100019}},{"model":"polyfactory:item/portable_fluid_tank/minecraft/milk","predicate":{"custom_model_data":100020}},{"model":"polyfactory:block/data_cube_connector_output","predicate":{"custom_model_data":100021}}]}