{"parent":"minecraft:block/light_gray_wool","overrides":[{"model":"polyfactory:block/mixer_whisk","predicate":{"custom_model_data":100001}},{"model":"polyfactory:block/pipe/31","predicate":{"custom_model_data":100002}},{"model":"polyfactory:block/pipe/63","predicate":{"custom_model_data":100003}},{"model":"polyfactory:block/fluid/portable_fluid_tank/v14/minecraft/lava","predicate":{"custom_model_data":100004}},{"model":"polyfactory:block/fluid/filtered_pipe/minecraft/milk","predicate":{"custom_model_data":100005}},{"model":"polyfactory:block/fluid/flat_scaled/2/minecraft/experience","predicate":{"custom_model_data":100006}},{"model":"polyfactory:block/fluid/portable_fluid_tank/h2/minecraft/experience","predicate":{"custom_model_data":100007}},{"model":"polyfactory:block/fluid/portable_fluid_tank/v4/minecraft/snow","predicate":{"custom_model_data":100008}}]}