{"parent":"minecraft:block/light_blue_wool","overrides":[{"model":"polyfactory:block/steam_engine_axle","predicate":{"custom_model_data":100001}},{"model":"polyfactory:block/pipe/26","predicate":{"custom_model_data":100002}},{"model":"polyfactory:block/pipe/58","predicate":{"custom_model_data":100003}},{"model":"polyfactory:block/fluid/portable_fluid_tank/v9/minecraft/lava","predicate":{"custom_model_data":100004}},{"model":"polyfactory:block/fluid/flat_scaled/11/minecraft/milk","predicate":{"custom_model_data":100005}},{"model":"polyfactory:block/fluid/portable_fluid_tank/h11/minecraft/milk","predicate":{"custom_model_data":100006}},{"model":"polyfactory:block/fluid/portable_fluid_tank/v13/minecraft/experience","predicate":{"custom_model_data":100007}},{"model":"polyfactory:block/fluid/flat_scaled/15/minecraft/snow","predicate":{"custom_model_data":100008}},{"model":"polyfactory:block/large_gear","predicate":{"custom_model_data":100009}}]}