{"parent":"minecraft:block/light_blue_carpet","overrides":[{"model":"polyfactory:block/sticky_conveyor_fast","predicate":{"custom_model_data":100001}},{"model":"polyfactory:block/gen/sticky_conveyor_down_4","predicate":{"custom_model_data":100002}},{"model":"polyfactory:block/gen/conveyor_up_10","predicate":{"custom_model_data":100003}},{"model":"polyfactory:block/gen/sticky_conveyor_15","predicate":{"custom_model_data":100004}},{"model":"polyfactory:block/gen/sticky_conveyor_down_4/1","predicate":{"custom_model_data":100005}},{"model":"polyfactory:block/gen/conveyor_up_10/1","predicate":{"custom_model_data":100006}},{"model":"polyfactory:block/gen/sticky_conveyor_15/1","predicate":{"custom_model_data":100007}},{"model":"polyfactory:block/gen/sticky_conveyor_down_4/2","predicate":{"custom_model_data":100008}},{"model":"polyfactory:block/gen/conveyor_up_10/2","predicate":{"custom_model_data":100009}},{"model":"polyfactory:block/gen/sticky_conveyor_15/2","predicate":{"custom_model_data":100010}},{"model":"polyfactory:block/gen/sticky_conveyor_down_4/3","predicate":{"custom_model_data":100011}},{"model":"polyfactory:block/gen/conveyor_up_10/3","predicate":{"custom_model_data":100012}},{"model":"polyfactory:block/gen/sticky_conveyor_15/3","predicate":{"custom_model_data":100013}},{"model":"polyfactory:block/gen/sticky_conveyor_down_4/4","predicate":{"custom_model_data":100014}},{"model":"polyfactory:block/gen/conveyor_up_10/4","predicate":{"custom_model_data":100015}},{"model":"polyfactory:block/gen/sticky_conveyor_15/4","predicate":{"custom_model_data":100016}},{"model":"polyfactory:block/gen/sticky_conveyor_down_4/5","predicate":{"custom_model_data":100017}},{"model":"polyfactory:block/gen/conveyor_up_10/5","predicate":{"custom_model_data":100018}},{"model":"polyfactory:block/gen/sticky_conveyor_15/5","predicate":{"custom_model_data":100019}},{"model":"polyfactory:block/gen/sticky_conveyor_down_4/6","predicate":{"custom_model_data":100020}},{"model":"polyfactory:block/gen/conveyor_up_10/6","predicate":{"custom_model_data":100021}},{"model":"polyfactory:block/gen/sticky_conveyor_15/6","predicate":{"custom_model_data":100022}},{"model":"polyfactory:block/gen/sticky_conveyor_down_4/7","predicate":{"custom_model_data":100023}},{"model":"polyfactory:block/gen/conveyor_up_10/7","predicate":{"custom_model_data":100024}},{"model":"polyfactory:block/gen/sticky_conveyor_15/7","predicate":{"custom_model_data":100025}},{"model":"polyfactory:block/gen/sticky_conveyor_down_4/8","predicate":{"custom_model_data":100026}},{"model":"polyfactory:block/gen/conveyor_up_10/8","predicate":{"custom_model_data":100027}},{"model":"polyfactory:block/gen/sticky_conveyor_15/8","predicate":{"custom_model_data":100028}},{"model":"polyfactory:block/gen/sticky_conveyor_down_4/9","predicate":{"custom_model_data":100029}},{"model":"polyfactory:block/gen/conveyor_up_10/9","predicate":{"custom_model_data":100030}},{"model":"polyfactory:block/gen/sticky_conveyor_15/9","predicate":{"custom_model_data":100031}},{"model":"polyfactory:block/gen/sticky_conveyor_down_4/10","predicate":{"custom_model_data":100032}},{"model":"polyfactory:block/gen/conveyor_up_10/10","predicate":{"custom_model_data":100033}},{"model":"polyfactory:block/gen/sticky_conveyor_15/10","predicate":{"custom_model_data":100034}},{"model":"polyfactory:block/gen/sticky_conveyor_down_4/11","predicate":{"custom_model_data":100035}},{"model":"polyfactory:block/gen/conveyor_up_10/11","predicate":{"custom_model_data":100036}},{"model":"polyfactory:block/gen/sticky_conveyor_15/11","predicate":{"custom_model_data":100037}},{"model":"polyfactory:block/gen/sticky_conveyor_down_4/12","predicate":{"custom_model_data":100038}},{"model":"polyfactory:block/gen/conveyor_up_10/12","predicate":{"custom_model_data":100039}},{"model":"polyfactory:block/gen/sticky_conveyor_15/12","predicate":{"custom_model_data":100040}},{"model":"polyfactory:block/gen/sticky_conveyor_down_4/13","predicate":{"custom_model_data":100041}},{"model":"polyfactory:block/gen/conveyor_up_10/13","predicate":{"custom_model_data":100042}},{"model":"polyfactory:block/gen/sticky_conveyor_15/13","predicate":{"custom_model_data":100043}},{"model":"polyfactory:block/gen/sticky_conveyor_down_4/14","predicate":{"custom_model_data":100044}},{"model":"polyfactory:block/gen/conveyor_up_10/14","predicate":{"custom_model_data":100045}},{"model":"polyfactory:block/gen/sticky_conveyor_15/14","predicate":{"custom_model_data":100046}},{"model":"polyfactory:block/gen/sticky_conveyor_down_4/15","predicate":{"custom_model_data":100047}},{"model":"polyfactory:block/gen/conveyor_up_10/15","predicate":{"custom_model_data":100048}},{"model":"polyfactory:block/gen/sticky_conveyor_15/15","predicate":{"custom_model_data":100049}},{"model":"polyfactory:block/gen/sticky_conveyor_down_4/16","predicate":{"custom_model_data":100050}},{"model":"polyfactory:block/gen/conveyor_up_10/16","predicate":{"custom_model_data":100051}},{"model":"polyfactory:block/gen/sticky_conveyor_15/16","predicate":{"custom_model_data":100052}},{"model":"polyfactory:block/gen/sticky_conveyor_down_4/17","predicate":{"custom_model_data":100053}},{"model":"polyfactory:block/gen/conveyor_up_10/17","predicate":{"custom_model_data":100054}},{"model":"polyfactory:block/gen/sticky_conveyor_15/17","predicate":{"custom_model_data":100055}},{"model":"polyfactory:block/gen/sticky_conveyor_down_4/18","predicate":{"custom_model_data":100056}},{"model":"polyfactory:block/gen/conveyor_up_10/18","predicate":{"custom_model_data":100057}},{"model":"polyfactory:block/gen/sticky_conveyor_15/18","predicate":{"custom_model_data":100058}},{"model":"polyfactory:block/gen/sticky_conveyor_down_4/19","predicate":{"custom_model_data":100059}},{"model":"polyfactory:block/gen/conveyor_up_10/19","predicate":{"custom_model_data":100060}},{"model":"polyfactory:block/gen/sticky_conveyor_15/19","predicate":{"custom_model_data":100061}},{"model":"polyfactory:block/gen/sticky_conveyor_down_4/20","predicate":{"custom_model_data":100062}},{"model":"polyfactory:block/gen/conveyor_up_10/20","predicate":{"custom_model_data":100063}},{"model":"polyfactory:block/gen/sticky_conveyor_15/20","predicate":{"custom_model_data":100064}}]}