{"parent":"minecraft:block/lime_wool","overrides":[{"model":"polyfactory:block/steam_engine_link","predicate":{"custom_model_data":100001}},{"model":"polyfactory:block/pipe/28","predicate":{"custom_model_data":100002}},{"model":"polyfactory:block/pipe/60","predicate":{"custom_model_data":100003}},{"model":"polyfactory:block/fluid/portable_fluid_tank/v11/minecraft/lava","predicate":{"custom_model_data":100004}},{"model":"polyfactory:block/fluid/flat_scaled/13/minecraft/milk","predicate":{"custom_model_data":100005}},{"model":"polyfactory:block/fluid/flat_model/minecraft/experience","predicate":{"custom_model_data":100006}},{"model":"polyfactory:block/fluid/portable_fluid_tank/v15/minecraft/experience","predicate":{"custom_model_data":100007}},{"model":"polyfactory:block/fluid/portable_fluid_tank/v1/minecraft/snow","predicate":{"custom_model_data":100008}},{"model":"polyfactory:block/decorative_small_gear","predicate":{"custom_model_data":100009}}]}