{"parent":"minecraft:item/generated","textures":{"layer0":"minecraft:item/nether_brick"},"overrides":[{"model":"computercraft:block/turtle_modem_advanced_on_left","predicate":{"custom_model_data":100001}},{"model":"computercraft:block/computer_command_blinking","predicate":{"custom_model_data":100002}},{"model":"computercraft:block/monitor_normal_ld","predicate":{"custom_model_data":100003}},{"model":"computercraft:block/monitor_advanced_l","predicate":{"custom_model_data":100004}},{"model":"computercraft:block/wireless_modem_normal_off","predicate":{"custom_model_data":100005}},{"model":"block/lectern","predicate":{"custom_model_data":100006}},{"model":"computercraft:item/monitor_advanced","predicate":{"custom_model_data":100007}},{"model":"glideaway:item/wind_in_a_bottle","predicate":{"custom_model_data":100008}},{"model":"polyfactory:block/mechanical_drain","predicate":{"custom_model_data":100009}},{"model":"polyfactory:item/press","predicate":{"custom_model_data":100010}},{"model":"polyfactory:item/coal_dust","predicate":{"custom_model_data":100011}},{"model":"polyfactory:item/wooden_plate","predicate":{"custom_model_data":100012}},{"model":"polyfactory:item/text_input","predicate":{"custom_model_data":100013}},{"model":"polyfactory:item/blueprint_workbench","predicate":{"custom_model_data":100014}},{"model":"polyfactory:item/filtered_pipe","predicate":{"custom_model_data":100015}},{"model":"polyfactory:block/fluid_tank/negative_middle_negative","predicate":{"custom_model_data":100016}},{"model":"polyfactory:block/fluid_tank/middle_negative_single","predicate":{"custom_model_data":100017}},{"model":"polyfactory:block/fluid_tank/positive_negative_single","predicate":{"custom_model_data":100018}},{"model":"polyfactory:block/fluid_tank/single_negative_positive","predicate":{"custom_model_data":100019}},{"model":"polyfactory:item/item_packer","predicate":{"custom_model_data":100020}},{"model":"polyfactory:block/data_cube_connector_input_b","predicate":{"custom_model_data":100021}}]}