{"parent":"minecraft:item/generated","textures":{"layer0":"minecraft:item/paper"},"overrides":[{"model":"computercraft:block/turtle_modem_normal_on_left","predicate":{"custom_model_data":100001}},{"model":"computercraft:block/computer_normal_on","predicate":{"custom_model_data":100002}},{"model":"computercraft:block/printer_bottom_full","predicate":{"custom_model_data":100003}},{"model":"computercraft:block/monitor_normal_rud","predicate":{"custom_model_data":100004}},{"model":"computercraft:block/monitor_advanced_ru","predicate":{"custom_model_data":100005}},{"model":"computercraft:block/wired_modem_off","predicate":{"custom_model_data":100006}},{"model":"computercraft:item/pocket_computer_advanced_on","predicate":{"custom_model_data":100007}},{"model":"computercraft:item/speaker","predicate":{"custom_model_data":100008}},{"model":"polyfactory:block/data_cube_connector_output","predicate":{"custom_model_data":100009}},{"model":"polyfactory:item/ejector","predicate":{"custom_model_data":100010}},{"model":"polyfactory:item/nixie_tube","predicate":{"custom_model_data":100011}},{"model":"polyfactory:item/lingering_throwable_glass_bottle","predicate":{"custom_model_data":100012}},{"model":"polyfactory:item/item_filter","predicate":{"custom_model_data":100013}},{"model":"polyfactory:item/speaker","predicate":{"custom_model_data":100014}},{"model":"polyfactory:item/steel_button","predicate":{"custom_model_data":100015}},{"model":"polyfactory:item/crushed_raw_gold","predicate":{"custom_model_data":100016}},{"model":"polyfactory:block/fluid_tank/negative_negative_negative","predicate":{"custom_model_data":100017}},{"model":"polyfactory:block/fluid_tank/negative_single_single","predicate":{"custom_model_data":100018}},{"model":"polyfactory:block/fluid_tank/middle_single_single","predicate":{"custom_model_data":100019}},{"model":"polyfactory:block/fluid_tank/positive_single_positive","predicate":{"custom_model_data":100020}},{"model":"polyfactory:block/fluid_tank/single_single_middle","predicate":{"custom_model_data":100021}},{"model":"polyfactory:block/planter_output_2","predicate":{"custom_model_data":100022}},{"model":"toms_mobs:item/nautilus_shell_fragment","predicate":{"custom_model_data":100023}}]}