{"parent":"minecraft:item/generated","textures":{"layer0":"minecraft:item/phantom_membrane"},"overrides":[{"model":"computercraft:block/turtle_crafting_table_right","predicate":{"custom_model_data":100001}},{"model":"computercraft:block/disk_drive_full","predicate":{"custom_model_data":100002}},{"model":"computercraft:block/monitor_normal","predicate":{"custom_model_data":100003}},{"model":"computercraft:block/monitor_advanced_lud","predicate":{"custom_model_data":100004}},{"model":"computercraft:block/wired_modem_full_on_peripheral","predicate":{"custom_model_data":100005}},{"model":"computercraft:item/pocket_computer_normal","predicate":{"custom_model_data":100006}},{"model":"computercraft:item/pocket_computer_normal","predicate":{"computercraft:state":0,"computercraft:coloured":0,"custom_model_data":100006}},{"model":"computercraft:item/pocket_computer_normal_on","predicate":{"computercraft:state":1,"computercraft:coloured":0,"custom_model_data":100006}},{"model":"computercraft:item/pocket_computer_normal_blinking","predicate":{"computercraft:state":2,"computercraft:coloured":0,"custom_model_data":100006}},{"model":"computercraft:item/pocket_computer_colour","predicate":{"computercraft:state":0,"computercraft:coloured":1,"custom_model_data":100006}},{"model":"computercraft:item/pocket_computer_colour_on","predicate":{"computercraft:state":1,"computercraft:coloured":1,"custom_model_data":100006}},{"model":"computercraft:item/pocket_computer_colour_blinking","predicate":{"computercraft:state":2,"computercraft:coloured":1,"custom_model_data":100006}},{"model":"computercraft:item/treasure_disk","predicate":{"custom_model_data":100007}},{"model":"polyfactory:block/data_memory","predicate":{"custom_model_data":100008}},{"model":"polyfactory:item/funnel","predicate":{"custom_model_data":100009}},{"model":"polyfactory:item/turntable","predicate":{"custom_model_data":100010}},{"model":"polyfactory:item/steel_plate","predicate":{"custom_model_data":100011}},{"model":"polyfactory:item/stressometer","predicate":{"custom_model_data":100012}},{"model":"polyfactory:item/hologram_projector","predicate":{"custom_model_data":100013}},{"model":"polyfactory:item/crispy_honey","predicate":{"custom_model_data":100014}},{"model":"polyfactory:item/creative_drain","predicate":{"custom_model_data":100015}},{"model":"polyfactory:block/fluid_tank/negative_positive_single","predicate":{"custom_model_data":100016}},{"model":"polyfactory:block/fluid_tank/middle_positive_single","predicate":{"custom_model_data":100017}},{"model":"polyfactory:block/fluid_tank/positive_positive_positive","predicate":{"custom_model_data":100018}},{"model":"polyfactory:block/fluid_tank/single_positive_middle","predicate":{"custom_model_data":100019}},{"model":"polyfactory:item/portable_fluid_tank/minecraft/slime","predicate":{"custom_model_data":100020}}]}