{"parent":"minecraft:block/pink_wool","overrides":[{"model":"polyfactory:block/grindstone_wheel","predicate":{"custom_model_data":100001}},{"model":"polyfactory:block/pipe/29","predicate":{"custom_model_data":100002}},{"model":"polyfactory:block/pipe/61","predicate":{"custom_model_data":100003}},{"model":"polyfactory:block/fluid/portable_fluid_tank/v12/minecraft/lava","predicate":{"custom_model_data":100004}},{"model":"polyfactory:block/fluid/flat_scaled/14/minecraft/milk","predicate":{"custom_model_data":100005}},{"model":"polyfactory:particle/fluid/particle/minecraft/experience","predicate":{"custom_model_data":100006}},{"model":"polyfactory:block/fluid/portable_fluid_tank/v16/minecraft/experience","predicate":{"custom_model_data":100007}},{"model":"polyfactory:block/fluid/portable_fluid_tank/v2/minecraft/snow","predicate":{"custom_model_data":100008}},{"model":"polyfactory:block/filter_mesh","predicate":{"custom_model_data":100009}}]}