{"parent":"minecraft:item/generated","textures":{"layer0":"minecraft:item/popped_chorus_fruit"},"overrides":[{"model":"computercraft:block/turtle_modem_normal_off_left","predicate":{"custom_model_data":100001}},{"model":"computercraft:block/computer_advanced_off","predicate":{"custom_model_data":100002}},{"model":"computercraft:block/monitor_normal_d","predicate":{"custom_model_data":100003}},{"model":"computercraft:block/monitor_normal_ud","predicate":{"custom_model_data":100004}},{"model":"computercraft:block/monitor_advanced_u","predicate":{"custom_model_data":100005}},{"model":"computercraft:block/wired_modem_on","predicate":{"custom_model_data":100006}},{"model":"computercraft:item/turtle_normal","predicate":{"custom_model_data":100007}},{"model":"computercraft:item/printer","predicate":{"custom_model_data":100008}},{"model":"polyfactory:block/steel_button","predicate":{"custom_model_data":100009}},{"model":"polyfactory:item/steam_engine","predicate":{"custom_model_data":100010}},{"model":"polyfactory:item/string_mesh","predicate":{"custom_model_data":100011}},{"model":"polyfactory:item/large_steel_gear","predicate":{"custom_model_data":100012}},{"model":"polyfactory:item/item_reader","predicate":{"custom_model_data":100013}},{"model":"polyfactory:item/electric_generator","predicate":{"custom_model_data":100014}},{"model":"polyfactory:item/spray_can_empty","predicate":{"custom_model_data":100015}},{"model":"polyfactory:block/fluid_tank/negative_negative_positive","predicate":{"custom_model_data":100016}},{"model":"polyfactory:block/fluid_tank/middle_negative_middle","predicate":{"custom_model_data":100017}},{"model":"polyfactory:block/fluid_tank/positive_negative_middle","predicate":{"custom_model_data":100018}},{"model":"polyfactory:block/fluid_tank/single_negative_negative","predicate":{"custom_model_data":100019}},{"model":"polyfactory:block/fluid_tank/single_single_single","predicate":{"custom_model_data":100020}},{"model":"polyfactory:block/tiny_potato_spring","predicate":{"custom_model_data":100021}}]}