{"parent":"minecraft:block/purple_wool","overrides":[{"model":"polyfactory:block/pipe/1","predicate":{"custom_model_data":100001}},{"model":"polyfactory:block/pipe/33","predicate":{"custom_model_data":100002}},{"model":"polyfactory:particle/fluid/particle/minecraft/lava","predicate":{"custom_model_data":100003}},{"model":"polyfactory:block/fluid/portable_fluid_tank/v16/minecraft/lava","predicate":{"custom_model_data":100004}},{"model":"polyfactory:block/fluid/portable_fluid_tank/v2/minecraft/milk","predicate":{"custom_model_data":100005}},{"model":"polyfactory:block/fluid/flat_scaled/4/minecraft/experience","predicate":{"custom_model_data":100006}},{"model":"polyfactory:block/fluid/portable_fluid_tank/h4/minecraft/experience","predicate":{"custom_model_data":100007}},{"model":"polyfactory:block/fluid/portable_fluid_tank/v6/minecraft/snow","predicate":{"custom_model_data":100008}}]}