{"parent":"minecraft:item/generated","textures":{"layer0":"minecraft:item/rabbit_foot"},"overrides":[{"model":"computercraft:block/turtle_crafting_table_left","predicate":{"custom_model_data":100001}},{"model":"computercraft:block/disk_drive_empty","predicate":{"custom_model_data":100002}},{"model":"computercraft:block/monitor_normal_lud","predicate":{"custom_model_data":100003}},{"model":"computercraft:block/monitor_advanced_lu","predicate":{"custom_model_data":100004}},{"model":"computercraft:block/wired_modem_full_on","predicate":{"custom_model_data":100005}},{"model":"computercraft:item/wired_modem","predicate":{"custom_model_data":100006}},{"model":"polyfactory:block/ejector_link","predicate":{"custom_model_data":100007}},{"model":"polyfactory:item/sticky_conveyor","predicate":{"custom_model_data":100008}},{"model":"polyfactory:item/axle","predicate":{"custom_model_data":100009}},{"model":"polyfactory:item/steel_block","predicate":{"custom_model_data":100010}},{"model":"polyfactory:item/tachometer","predicate":{"custom_model_data":100011}},{"model":"polyfactory:item/nixie_tube_controller","predicate":{"custom_model_data":100012}},{"model":"polyfactory:item/slime_bucket","predicate":{"custom_model_data":100013}},{"model":"polyfactory:item/mechanical_spout","predicate":{"custom_model_data":100014}},{"model":"polyfactory:block/fluid_tank/negative_positive_positive","predicate":{"custom_model_data":100015}},{"model":"polyfactory:block/fluid_tank/middle_positive_positive","predicate":{"custom_model_data":100016}},{"model":"polyfactory:block/fluid_tank/positive_positive_middle","predicate":{"custom_model_data":100017}},{"model":"polyfactory:block/fluid_tank/single_positive_negative","predicate":{"custom_model_data":100018}},{"model":"polyfactory:item/portable_fluid_tank/minecraft/honey","predicate":{"custom_model_data":100019}},{"model":"polyfactory:block/axle","predicate":{"custom_model_data":100020}},{"model":"computercraft:block/turtle_trans_overlay","predicate":{"custom_model_data":100021}}]}