{"parent":"minecraft:item/generated","textures":{"layer0":"minecraft:item/rabbit_hide"},"overrides":[{"model":"computercraft:block/turtle_speaker_right","predicate":{"custom_model_data":100001}},{"model":"computercraft:block/speaker","predicate":{"custom_model_data":100002}},{"model":"computercraft:block/monitor_normal_lu","predicate":{"custom_model_data":100003}},{"model":"computercraft:block/monitor_advanced_lrud","predicate":{"custom_model_data":100004}},{"model":"computercraft:block/wired_modem_full_off_peripheral","predicate":{"custom_model_data":100005}},{"model":"computercraft:item/cable","predicate":{"custom_model_data":100006}},{"model":"polyfactory:block/ejector_plate","predicate":{"custom_model_data":100007}},{"model":"polyfactory:item/conveyor","predicate":{"custom_model_data":100008}},{"model":"polyfactory:item/planter","predicate":{"custom_model_data":100009}},{"model":"polyfactory:item/steel_ingot","predicate":{"custom_model_data":100010}},{"model":"polyfactory:item/creative_container","predicate":{"custom_model_data":100011}},{"model":"polyfactory:item/data_memory","predicate":{"custom_model_data":100012}},{"model":"polyfactory:item/experience_bucket","predicate":{"custom_model_data":100013}},{"model":"polyfactory:item/mechanical_drain","predicate":{"custom_model_data":100014}},{"model":"polyfactory:block/fluid_tank/negative_positive_middle","predicate":{"custom_model_data":100015}},{"model":"polyfactory:block/fluid_tank/middle_positive_middle","predicate":{"custom_model_data":100016}},{"model":"polyfactory:block/fluid_tank/positive_positive_negative","predicate":{"custom_model_data":100017}},{"model":"polyfactory:block/fluid_tank/single_middle_single","predicate":{"custom_model_data":100018}},{"model":"polyfactory:item/portable_fluid_tank/minecraft/experience","predicate":{"custom_model_data":100019}},{"model":"computercraft:block/turtle_rainbow_overlay","predicate":{"custom_model_data":100020}}]}