{"parent":"minecraft:item/handheld","textures":{"layer0":"minecraft:item/stick"},"overrides":[{"model":"constructionwand:item/stone_wand","predicate":{"custom_model_data":100001}},{"predicate":{"constructionwand:using_core":1.0,"custom_model_data":100001},"model":"constructionwand:item/stone_wand_core"},{"model":"constructionwand:item/iron_wand","predicate":{"custom_model_data":100002}},{"predicate":{"constructionwand:using_core":1.0,"custom_model_data":100002},"model":"constructionwand:item/iron_wand_core"},{"model":"constructionwand:item/diamond_wand","predicate":{"custom_model_data":100003}},{"predicate":{"constructionwand:using_core":1.0,"custom_model_data":100003},"model":"constructionwand:item/diamond_wand_core"},{"model":"constructionwand:item/infinity_wand","predicate":{"custom_model_data":100004}},{"predicate":{"constructionwand:using_core":1.0,"custom_model_data":100004},"model":"constructionwand:item/infinity_wand_core"},{"model":"factorytools:block/special/destroy_stage_0","predicate":{"custom_model_data":100005}},{"model":"factorytools:block/special/destroy_stage_1","predicate":{"custom_model_data":100006}},{"model":"factorytools:block/special/destroy_stage_2","predicate":{"custom_model_data":100007}},{"model":"factorytools:block/special/destroy_stage_3","predicate":{"custom_model_data":100008}},{"model":"factorytools:block/special/destroy_stage_4","predicate":{"custom_model_data":100009}},{"model":"factorytools:block/special/destroy_stage_5","predicate":{"custom_model_data":100010}},{"model":"factorytools:block/special/destroy_stage_6","predicate":{"custom_model_data":100011}},{"model":"factorytools:block/special/destroy_stage_7","predicate":{"custom_model_data":100012}},{"model":"factorytools:block/special/destroy_stage_8","predicate":{"custom_model_data":100013}},{"model":"factorytools:block/special/destroy_stage_9","predicate":{"custom_model_data":100014}}]}