{"parent":"minecraft:item/generated","textures":{"layer0":"minecraft:item/sugar"},"overrides":[{"model":"computercraft:block/computer_normal_blinking","predicate":{"custom_model_data":100001}},{"model":"computercraft:block/printer_empty","predicate":{"custom_model_data":100002}},{"model":"computercraft:block/monitor_normal_rd","predicate":{"custom_model_data":100003}},{"model":"computercraft:block/monitor_advanced_r","predicate":{"custom_model_data":100004}},{"model":"computercraft:block/cable_core_any","predicate":{"custom_model_data":100005}},{"model":"computercraft:item/pocket_computer_normal_blinking","predicate":{"custom_model_data":100006}},{"model":"computercraft:item/printed_pages","predicate":{"custom_model_data":100007}},{"model":"polyfactory:block/data_memory_cover_powered","predicate":{"custom_model_data":100008}},{"model":"polyfactory:item/splitter","predicate":{"custom_model_data":100009}},{"model":"polyfactory:item/clutch","predicate":{"custom_model_data":100010}},{"model":"polyfactory:item/brittle_glass_bottle","predicate":{"custom_model_data":100011}},{"model":"polyfactory:item/redstone_input","predicate":{"custom_model_data":100012}},{"model":"polyfactory:item/wireless_redstone_transmitter","predicate":{"custom_model_data":100013}},{"model":"polyfactory:item/crushed_raw_iron","predicate":{"custom_model_data":100014}},{"model":"polyfactory:item/portable_fluid_tank","predicate":{"custom_model_data":100015}},{"model":"polyfactory:block/fluid_tank/negative_single_middle","predicate":{"custom_model_data":100016}},{"model":"polyfactory:block/fluid_tank/middle_single_middle","predicate":{"custom_model_data":100017}},{"model":"polyfactory:block/fluid_tank/positive_single_negative","predicate":{"custom_model_data":100018}},{"model":"polyfactory:block/fluid_tank/single_positive_single","predicate":{"custom_model_data":100019}},{"model":"polyfactory:block/axle_short","predicate":{"custom_model_data":100020}}]}