{"parent":"minecraft:item/generated","textures":{"layer0":"minecraft:item/turtle_scute"},"overrides":[{"model":"computercraft:block/turtle_modem_advanced_off_right","predicate":{"custom_model_data":100001}},{"model":"computercraft:block/turtle_normal","predicate":{"custom_model_data":100002}},{"model":"computercraft:block/monitor_normal_lru","predicate":{"custom_model_data":100003}},{"model":"computercraft:block/monitor_advanced_lrd","predicate":{"custom_model_data":100004}},{"model":"computercraft:block/wireless_modem_advanced_on","predicate":{"custom_model_data":100005}},{"model":"computercraft:item/computer_advanced","predicate":{"custom_model_data":100006}},{"model":"computercraft:item/wired_modem_full","predicate":{"custom_model_data":100007}},{"model":"polyfactory:block/slot_aware_funnel_out","predicate":{"custom_model_data":100008}},{"model":"polyfactory:item/wrench","predicate":{"custom_model_data":100009}},{"model":"polyfactory:item/miner","predicate":{"custom_model_data":100010}},{"model":"polyfactory:item/ender_infused_amethyst_shard","predicate":{"custom_model_data":100011}},{"model":"polyfactory:item/redstone_chip","predicate":{"custom_model_data":100012}},{"model":"polyfactory:item/data_extractor","predicate":{"custom_model_data":100013}},{"model":"polyfactory:item/inverted_redstone_lamp","predicate":{"custom_model_data":100014}},{"model":"polyfactory:item/nozzle","predicate":{"custom_model_data":100015}},{"model":"polyfactory:block/fluid_tank/negative_middle_single","predicate":{"custom_model_data":100016}},{"model":"polyfactory:block/fluid_tank/middle_middle_single","predicate":{"custom_model_data":100017}},{"model":"polyfactory:block/fluid_tank/positive_middle_positive","predicate":{"custom_model_data":100018}},{"model":"polyfactory:block/fluid_tank/single_middle_middle","predicate":{"custom_model_data":100019}},{"model":"polyfactory:item/portable_fluid_tank/minecraft/lava","predicate":{"custom_model_data":100020}},{"model":"polyfactory:block/data_cube_connector_input","predicate":{"custom_model_data":100021}}]}