{"parent":"minecraft:block/white_wool","overrides":[{"model":"polyfactory:block/funnel_in","predicate":{"custom_model_data":100001}},{"model":"polyfactory:block/pipe/23","predicate":{"custom_model_data":100002}},{"model":"polyfactory:block/pipe/55","predicate":{"custom_model_data":100003}},{"model":"polyfactory:block/fluid/portable_fluid_tank/v6/minecraft/lava","predicate":{"custom_model_data":100004}},{"model":"polyfactory:block/fluid/flat_scaled/8/minecraft/milk","predicate":{"custom_model_data":100005}},{"model":"polyfactory:block/fluid/portable_fluid_tank/h8/minecraft/milk","predicate":{"custom_model_data":100006}},{"model":"polyfactory:block/fluid/portable_fluid_tank/v10/minecraft/experience","predicate":{"custom_model_data":100007}},{"model":"polyfactory:block/fluid/flat_scaled/12/minecraft/snow","predicate":{"custom_model_data":100008}},{"model":"polyfactory:block/fluid/portable_fluid_tank/h12/minecraft/snow","predicate":{"custom_model_data":100009}}]}