{"parent":"minecraft:item/generated","textures":{"layer0":"minecraft:block/white_stained_glass"},"overrides":[{"model":"polydex:sgui/elements/empty","predicate":{"custom_model_data":100001}},{"model":"polyfactory:block/fluid/flat_scaled/12/minecraft/honey","predicate":{"custom_model_data":100002}},{"model":"polyfactory:block/fluid/portable_fluid_tank/h12/minecraft/honey","predicate":{"custom_model_data":100003}},{"model":"polyfactory:block/fluid/portable_fluid_tank/v14/minecraft/slime","predicate":{"custom_model_data":100004}}]}