{"parent":"minecraft:item/handheld","textures":{"layer0":"minecraft:item/wooden_pickaxe"},"overrides":[{"model":"glideaway:item/cherry_hang_glider","predicate":{"custom_model_data":100001}},{"model":"glideaway:item/sculk_hang_glider","predicate":{"custom_model_data":100002}},{"model":"glideaway:item/azalea_hang_glider","predicate":{"custom_model_data":100003}},{"model":"glideaway:item/tater_hang_glider","predicate":{"custom_model_data":100004}},{"model":"glideaway:item/phantom_hang_glider","predicate":{"custom_model_data":100005}}]}