{"parent":"minecraft:block/yellow_wool","overrides":[{"model":"polyfactory:block/steam_engine_lit","predicate":{"custom_model_data":100001}},{"model":"polyfactory:block/pipe/27","predicate":{"custom_model_data":100002}},{"model":"polyfactory:block/pipe/59","predicate":{"custom_model_data":100003}},{"model":"polyfactory:block/fluid/portable_fluid_tank/v10/minecraft/lava","predicate":{"custom_model_data":100004}},{"model":"polyfactory:block/fluid/flat_scaled/12/minecraft/milk","predicate":{"custom_model_data":100005}},{"model":"polyfactory:block/fluid/portable_fluid_tank/h12/minecraft/milk","predicate":{"custom_model_data":100006}},{"model":"polyfactory:block/fluid/portable_fluid_tank/v14/minecraft/experience","predicate":{"custom_model_data":100007}},{"model":"polyfactory:block/fluid/filtered_pipe/minecraft/snow","predicate":{"custom_model_data":100008}},{"model":"polyfactory:block/gear","predicate":{"custom_model_data":100009}}]}