{"textures":{"0":"bil:item/sculkling/texture","particle":"bil:item/sculkling/texture"},"elements":[{"from":[5.5,8.0,6.5],"to":[10.5,16.0,9.5],"faces":{"up":{"texture":"#0","tintindex":0,"uv":[7.5,9.5,5.0,8.0]},"west":{"texture":"#0","tintindex":0,"uv":[7.5,4.0,9.0,8.0]},"east":{"texture":"#0","tintindex":0,"uv":[7.5,0.0,9.0,4.0]},"south":{"texture":"#0","tintindex":0,"uv":[5.0,4.0,7.5,8.0]},"down":{"texture":"#0","tintindex":0,"uv":[10.0,8.0,7.5,9.5]},"north":{"texture":"#0","tintindex":0,"uv":[5.0,0.0,7.5,4.0]}},"rotation":{"axis":"y","angle":0.0,"origin":[9.0,5.0,8.0]}},{"from":[2.0,9.0,8.0],"to":[14.0,21.0,8.0],"faces":{"up":{"texture":"#0","tintindex":0,"uv":[5.0,0.0,0.0,0.0]},"west":{"texture":"#0","tintindex":0,"uv":[0.0,0.0,0.0,5.0]},"east":{"texture":"#0","tintindex":0,"uv":[0.0,0.0,0.0,5.0]},"south":{"texture":"#0","tintindex":0,"uv":[6.0,10.0,0.0,16.0]},"down":{"texture":"#0","tintindex":0,"uv":[5.0,0.0,0.0,0.0]},"north":{"texture":"#0","tintindex":0,"uv":[0.0,10.0,6.0,16.0]}},"rotation":{"axis":"y","angle":0.0,"origin":[9.0,5.0,8.0]}}],"display":{"head":{"rotation":[0.0,180.0,0.0]}}}