{
	"music.end":{
		"sounds":[
			{
				"name":"music/game/end/the_end",
				"stream":true
			},
			{
				"name":"music/game/ancestry",
				"stream":true
			},
			{
				"name":"music/game/nether/ballad_of_the_cats",
				"stream":true
			},
			{
				"name":"music/game/nether/warmth",
				"stream":true
			},
			{
				"name":"music/game/nether/dead_voxel",
				"stream":true
			},
			{
				"name":"music/game/key",
				"stream":true
			},
			{
				"name":"stellarity:music/end/ki",
				"stream":true,
				"volume":0.5
			},
			{
				"name":"stellarity:music/end/intro",
				"stream":true,
				"volume":0.5
			},
			{
				"name":"stellarity:music/end/excuse",
				"stream":true,
				"volume":0.5,
				"weight": 2
			},
			{
				"name":"stellarity:music/end/eleven",
				"stream":true,
				"volume":0.5
			},
			{
				"name":"stellarity:music/end/voide",
				"stream":true,
				"volume":0.5,
				"weight": 2
			}
		],
		"replace":true
	},
	"music.enter_end":{
		"sounds":[
			{
				"name":"stellarity:music/the",
				"stream":true,
				"volume": 0.35
			}
		]
	},
	"music.boss.ender_dragon":{
		"sounds":[
			{
				"name":"stellarity:music/boss/kingdom_of_nothingness",
				"stream":true,
				"volume": 0.65
			}
		]
	},
	"music.boss.empress_of_light":{
		"sounds":[
			{
				"name":"stellarity:music/boss/precipice_stereo",
				"stream":true,
				"volume": 0.75
			}
		]
	},
	"music.boss.primordial_phantom":{
		"sounds":[
			{
				"name":"stellarity:music/boss/hiroai_shoots_a_strange_bird",
				"stream":true,
				"volume": 0.5
			}
		]
	},
	"music.kill_dragon":{
		"sounds":[
			{
				"name":"stellarity:music/to_the_beggining",
				"stream":true,
				"volume": 0.5
			}
		]
	},
	"music.create_portal":{
		"sounds":[
			{
				"name":"stellarity:music/threshold",
				"stream":true,
				"volume": 0.75
			}
		]
	},
	"ambient.end.heavenly.blessed":{
		"sounds":[
			{
				"name":"stellarity:ambient/heavenly_blessed",
				"stream":true,
				"volume":1
			}
		]
	},
	"ambient.end.heavenly.grim":{
		"sounds":[
			{
				"name":"stellarity:ambient/heavenly_grim",
				"stream":true,
				"volume": 1
			}
		]
	},
	"ambient.end.dark":{
		"sounds":[
			{
				"name":"stellarity:ambient/dark",
				"stream":true,
				"volume": 1
			}
		]
	},
	"ambient.end.dark.calm":{
		"sounds":[
			{
				"name":"stellarity:ambient/dark_calm",
				"stream":true,
				"volume": 1
			}
		]
	},
	"records.fires_of_hokkai":{
		"sounds":[
			{
				"name": "stellarity:records/fires_of_hokkai",
				"stream": true,
				"volume": 0.15
			}
		]
	},
	"records.deviants_light_music_box":{
		"sounds":[
			{
				"name": "stellarity:records/deviants_light_music_box",
				"stream": true,
				"volume": 0.15
			}
		]
	},
	"records.precipice_stereo":{
		"sounds":[
			{
				"name": "stellarity:music/boss/precipice_stereo",
				"stream":true,
				"volume": 0.15
			}
		]
	}
}
