{"textures":{"0":"bil:item/capybara/texture","particle":"bil:item/capybara/texture"},"elements":[{"from":[-0.05000019,15.95,4.95],"to":[10.05,25.05,23.05],"faces":{"up":{"texture":"#0","tintindex":0,"uv":[2.5,4.5,0.0,0.0]},"west":{"texture":"#0","tintindex":0,"uv":[4.5,4.5,0.0,6.75]},"east":{"texture":"#0","tintindex":0,"uv":[0.0,4.5,4.5,6.75]},"south":{"texture":"#0","tintindex":0,"uv":[5.0,2.25,7.5,4.5]},"down":{"texture":"#0","tintindex":0,"uv":[5.0,0.0,2.5,4.5]},"north":{"texture":"#0","tintindex":0,"uv":[5.0,0.0,7.5,2.25]}},"rotation":{"axis":"y","angle":0.0,"origin":[5.0,16.0,13.0]}}],"display":{"head":{"rotation":[0.0,180.0,0.0]}}}