{"textures":{"0":"bil:item/ice_spike/ice_spike","particle":"bil:item/ice_spike/ice_spike"},"elements":[{"from":[7.0900474,25.630331,7.0900474],"to":[8.909952,29.270142,8.909952],"faces":{"up":{"texture":"#0","tintindex":0,"uv":[9.625,4.5,9.125,4.0]},"west":{"texture":"#0","tintindex":0,"uv":[9.125,3.0,9.625,4.0]},"east":{"texture":"#0","tintindex":0,"uv":[9.125,1.0,9.625,2.0]},"south":{"texture":"#0","tintindex":0,"uv":[9.125,2.0,9.625,3.0]},"down":{"texture":"#0","tintindex":0,"uv":[10.125,0.0,9.625,0.5]},"north":{"texture":"#0","tintindex":0,"uv":[9.125,0.0,9.625,1.0]}},"rotation":{"axis":"y","angle":0.0,"origin":[8.0,10.161138,8.0]}},{"from":[6.6350713,18.805687,6.6350713],"to":[9.364929,25.630331,9.364929],"faces":{"up":{"texture":"#0","tintindex":0,"uv":[9.125,4.5,8.375,3.75]},"west":{"texture":"#0","tintindex":0,"uv":[6.0,8.5,6.75,10.375]},"east":{"texture":"#0","tintindex":0,"uv":[8.375,0.0,9.125,1.875]},"south":{"texture":"#0","tintindex":0,"uv":[8.375,1.875,9.125,3.75]},"down":{"texture":"#0","tintindex":0,"uv":[9.75,8.875,9.0,9.625]},"north":{"texture":"#0","tintindex":0,"uv":[8.25,7.75,9.0,9.625]}},"rotation":{"axis":"y","angle":-45.0,"origin":[8.0,10.161138,8.0]}},{"from":[5.9526067,12.20853,5.9526067],"to":[10.047394,19.033176,10.047394],"faces":{"up":{"texture":"#0","tintindex":0,"uv":[7.875,9.625,6.75,8.5]},"west":{"texture":"#0","tintindex":0,"uv":[7.125,6.625,8.25,8.5]},"east":{"texture":"#0","tintindex":0,"uv":[6.0,6.625,7.125,8.5]},"south":{"texture":"#0","tintindex":0,"uv":[7.125,4.75,8.25,6.625]},"down":{"texture":"#0","tintindex":0,"uv":[10.125,7.75,9.0,8.875]},"north":{"texture":"#0","tintindex":0,"uv":[6.0,4.75,7.125,6.625]}},"rotation":{"axis":"y","angle":0.0,"origin":[8.0,11.526066,8.0]}},{"from":[8.0,12.094787,2.5402846],"to":[8.0,32.0,13.459715],"faces":{"up":{"texture":"#0","tintindex":0,"uv":[0.0,3.0,0.0,0.0]},"west":{"texture":"#0","tintindex":0,"uv":[3.0,0.0,0.0,5.5]},"east":{"texture":"#0","tintindex":0,"uv":[0.0,0.0,3.0,5.5]},"south":{"texture":"#0","tintindex":0,"uv":[0.0,0.0,0.0,5.5]},"down":{"texture":"#0","tintindex":0,"uv":[0.0,0.0,0.0,3.0]},"north":{"texture":"#0","tintindex":0,"uv":[0.0,0.0,0.0,5.5]}},"rotation":{"axis":"y","angle":45.0,"origin":[8.0,10.161138,8.0]}},{"from":[2.5402846,12.094787,8.0],"to":[13.459715,32.0,8.0],"faces":{"up":{"texture":"#0","tintindex":0,"uv":[3.0,0.0,0.0,0.0]},"west":{"texture":"#0","tintindex":0,"uv":[0.0,0.0,0.0,5.5]},"east":{"texture":"#0","tintindex":0,"uv":[0.0,0.0,0.0,5.5]},"south":{"texture":"#0","tintindex":0,"uv":[0.0,0.0,3.0,5.5]},"down":{"texture":"#0","tintindex":0,"uv":[3.0,0.0,0.0,0.0]},"north":{"texture":"#0","tintindex":0,"uv":[3.0,0.0,0.0,5.5]}},"rotation":{"axis":"y","angle":45.0,"origin":[8.0,10.161138,8.0]}},{"from":[3.6777253,9.364929,3.6777253],"to":[12.322275,12.20853,12.322275],"faces":{"up":{"texture":"#0","tintindex":0,"uv":[8.375,2.375,6.0,0.0]},"west":{"texture":"#0","tintindex":0,"uv":[8.25,7.0,10.625,7.75]},"east":{"texture":"#0","tintindex":0,"uv":[8.25,5.5,10.625,6.25]},"south":{"texture":"#0","tintindex":0,"uv":[8.25,6.25,10.625,7.0]},"down":{"texture":"#0","tintindex":0,"uv":[8.375,2.375,6.0,4.75]},"north":{"texture":"#0","tintindex":0,"uv":[8.25,4.75,10.625,5.5]}},"rotation":{"axis":"y","angle":0.0,"origin":[8.0,3.336493,8.0]}}],"display":{"head":{"rotation":[0.0,180.0,0.0]}}}