{"textures":{"0":"bil:item/penguin/penguin","particle":"bil:item/penguin/penguin"},"elements":[{"from":[4.5,8.25,4.0],"to":[11.5,13.25,12.0],"faces":{"up":{"texture":"#0","tintindex":0,"uv":[5.75,6.75,4.0,4.75]},"west":{"texture":"#0","tintindex":0,"uv":[5.75,4.75,7.75,6.0]},"east":{"texture":"#0","tintindex":0,"uv":[1.75,5.5,3.75,6.75]},"south":{"texture":"#0","tintindex":0,"uv":[3.5,6.75,5.25,8.0]},"down":{"texture":"#0","tintindex":0,"uv":[1.75,5.5,0.0,7.5]},"north":{"texture":"#0","tintindex":0,"uv":[1.75,6.75,3.5,8.0]}},"rotation":{"axis":"y","angle":0.0,"origin":[8.5,-0.75,8.0]}},{"from":[7.5,10.25,2.0],"to":[8.5,11.25,4.0],"faces":{"up":{"texture":"#0","tintindex":0,"uv":[6.25,2.5,6.0,2.0]},"west":{"texture":"#0","tintindex":0,"uv":[5.5,2.25,6.0,2.5]},"east":{"texture":"#0","tintindex":0,"uv":[5.5,2.0,6.0,2.25]},"south":{"texture":"#0","tintindex":0,"uv":[0.0,0.0,0.0,0.0]},"down":{"texture":"#0","tintindex":0,"uv":[6.5,4.25,6.25,4.75]},"north":{"texture":"#0","tintindex":0,"uv":[6.0,2.5,6.25,2.75]}},"rotation":{"axis":"y","angle":0.0,"origin":[8.5,1.25,8.0]}},{"from":[7.5,9.25,2.0],"to":[8.5,10.25,3.0],"faces":{"up":{"texture":"#0","tintindex":0,"uv":[0.0,0.0,0.0,0.0]},"west":{"texture":"#0","tintindex":0,"uv":[6.75,4.25,7.0,4.5]},"east":{"texture":"#0","tintindex":0,"uv":[6.5,4.25,6.75,4.5]},"south":{"texture":"#0","tintindex":0,"uv":[6.5,4.5,6.75,4.75]},"down":{"texture":"#0","tintindex":0,"uv":[7.0,4.5,6.75,4.75]},"north":{"texture":"#0","tintindex":0,"uv":[3.75,6.5,4.0,6.75]}},"rotation":{"axis":"y","angle":0.0,"origin":[8.5,0.25,8.0]}},{"from":[3.5,11.25,4.0],"to":[12.5,15.25,12.0],"faces":{"up":{"texture":"#0","tintindex":0,"uv":[0.0,9.5,0.0,9.5]},"west":{"texture":"#0","tintindex":0,"uv":[6.75,6.0,8.75,7.0]},"east":{"texture":"#0","tintindex":0,"uv":[6.75,1.0,8.75,2.0]},"south":{"texture":"#0","tintindex":0,"uv":[0.0,9.5,0.0,9.5]},"down":{"texture":"#0","tintindex":0,"uv":[0.0,9.5,0.0,9.5]},"north":{"texture":"#0","tintindex":0,"uv":[6.75,0.0,9.0,1.0]}},"rotation":{"axis":"y","angle":0.0,"origin":[8.5,2.25,8.0]}},{"from":[12.5,15.25,12.0],"to":[3.5,11.25,4.0],"faces":{"up":{"texture":"#0","tintindex":0,"uv":[0.0,9.5,0.0,9.5]},"west":{"texture":"#0","tintindex":0,"uv":[6.75,2.0,8.75,1.0]},"east":{"texture":"#0","tintindex":0,"uv":[6.75,7.0,8.75,6.0]},"south":{"texture":"#0","tintindex":0,"uv":[0.75,11.0,3.0,10.0]},"down":{"texture":"#0","tintindex":0,"uv":[0.0,9.5,0.0,9.5]},"north":{"texture":"#0","tintindex":0,"uv":[1.5,12.75,4.5,11.5]}},"rotation":{"axis":"y","angle":0.0,"origin":[8.5,2.25,8.0]}}],"display":{"head":{"rotation":[0.0,180.0,0.0]}}}