{
  "condition": "minecraft:any_of",
  "terms": [
    {
      "condition": "minecraft:location_check",
      "predicate": {
        "block": {
          "blocks": ["minecraft:barrel"],
          "nbt": "{Items:[{Slot:0b}]}"
        }
      }
    },
    {
      "condition": "minecraft:inverted",
      "term":
      {
        "condition": "minecraft:location_check",
        "predicate": {
          "block": {
            "blocks": ["minecraft:barrel"],
            "nbt": "{Items:[{Slot:3b, components:{'minecraft:custom_data':{joshmats:{gui:{id:'jmmf:cooking_station_cook_time'}}}}}]}"
          }
       }
     }
    },
    {
      "condition": "minecraft:location_check",
      "predicate": {
        "block": {
          "blocks": ["minecraft:barrel"],
          "nbt": "{Items:[{Slot:6b}]}"
        }
      }
    },
    {
      "condition": "minecraft:location_check",
      "predicate": {
        "block": {
          "blocks": ["minecraft:barrel"],
          "nbt": "{Items:[{Slot:7b}]}"
        }
      }
    },
    {
      "condition": "minecraft:location_check",
      "predicate": {
        "block": {
          "blocks": ["minecraft:barrel"],
          "nbt": "{Items:[{Slot:8b}]}"
        }
      }
    },
    {
      "condition": "minecraft:location_check",
      "predicate": {
        "block": {
          "blocks": ["minecraft:barrel"],
          "nbt": "{Items:[{Slot:9b}]}"
        }
      }
    },
    {
      "condition": "minecraft:inverted",
      "term":
      {
        "condition": "minecraft:location_check",
        "predicate": {
          "block": {
            "blocks": ["minecraft:barrel"],
            "nbt": "{Items:[{Slot:12b, components:{'minecraft:custom_data':{joshmats:{gui:{id:'jmmf:cooking_station_water_level'}}}}}]}"
          }
       }
     }
    },
    {
      "condition": "minecraft:location_check",
      "predicate": {
        "block": {
          "blocks": ["minecraft:barrel"],
          "nbt": "{Items:[{Slot:13b}]}"
        }
      }
    },
    {
      "condition": "minecraft:location_check",
      "predicate": {
        "block": {
          "blocks": ["minecraft:barrel"],
          "nbt": "{Items:[{Slot:14b}]}"
        }
      }
    },
    {
      "condition": "minecraft:location_check",
      "predicate": {
        "block": {
          "blocks": ["minecraft:barrel"],
          "nbt": "{Items:[{Slot:15b}]}"
        }
      }
    },
    {
      "condition": "minecraft:location_check",
      "predicate": {
        "block": {
          "blocks": ["minecraft:barrel"],
          "nbt": "{Items:[{Slot:17b}]}"
        }
      }
    },
    {
      "condition": "minecraft:location_check",
      "predicate": {
        "block": {
          "blocks": ["minecraft:barrel"],
          "nbt": "{Items:[{Slot:18b}]}"
        }
      }
    },
    {
      "condition": "minecraft:inverted",
      "term":
      {
        "condition": "minecraft:location_check",
        "predicate": {
          "block": {
            "blocks": ["minecraft:barrel"],
            "nbt": "{Items:[{Slot:21b, components:{'minecraft:custom_data':{joshmats:{gui:{id:'joshmats:generic'}}}}}]}"
          }
       }
     }
    },
    {
      "condition": "minecraft:location_check",
      "predicate": {
        "block": {
          "blocks": ["minecraft:barrel"],
          "nbt": "{Items:[{Slot:23b}]}"
        }
      }
    },
    {
      "condition": "minecraft:location_check",
      "predicate": {
        "block": {
          "blocks": ["minecraft:barrel"],
          "nbt": "{Items:[{Slot:24b}]}"
        }
      }
    },
    {
      "condition": "minecraft:location_check",
      "predicate": {
        "block": {
          "blocks": ["minecraft:barrel"],
          "nbt": "{Items:[{Slot:25b}]}"
        }
      }
    },
    {
      "condition": "minecraft:location_check",
      "predicate": {
        "block": {
          "blocks": ["minecraft:barrel"],
          "nbt": "{Items:[{Slot:26b}]}"
        }
      }
    }
  ]
}
