{
    "type": "crafting_shaped",
    "pattern": [
      "LBL",
      " S ",
      " C "
    ],
    "key": {      
      "B": {
        "item": "minecraft:bucket"
      },
      "L": {
        "item": "minecraft:leather"
      },
      "S": {
        "item": "minecraft:smoker"
      },
      "C": {
        "item": "minecraft:campfire"
      }
    },
    "result": {
      "id": "minecraft:furnace",
      "components": {
        "minecraft:item_name": "{ 'translate': 'block.jmmf.cooking_station', 'italic': false }",
        "minecraft:custom_model_data": 480900,
        "minecraft:custom_data": {
          "smithed": {
            "id": "jmmf:cooking_station"
          }
        },
        "minecraft:container": [
        {
          "slot": 0,
          "item": {
            "id": "minecraft:stone",
            "components": {
              "minecraft:custom_data": {
                "joshmats": {
                  "block": {
                    "id": "jmmf:cooking_station"
                  }
                }
              }
            }
          }
        }
      ]
      }
    }
  }