{
  "type": "crafting_shapeless",
  "ingredients": [
    {
      "item": "minecraft:bowl"
    },
    {
      "item": "minecraft:bowl"
    },
    {
      "item": "minecraft:baked_potato"
    },
    {
      "item": "minecraft:cooked_cod"
    }
  ],
  "result": {
    "id": "minecraft:rabbit_stew",
    "components": {
      "minecraft:item_name": "{ 'translate': 'item.jmmf.fish_and_chips', 'italic': false }",
      "minecraft:custom_model_data": 481250,
      "minecraft:custom_data": {
        "smithed": {
          "id": "jmmf:fish_and_chips"
        }
      },
      "minecraft:food": {
        "nutrition": 7,
        "saturation": 10
      },
      "minecraft:max_stack_size": 16
    },
    "count": 2
  }
}