{
  "type": "crafting_shapeless",
  "ingredients": [
    {
      "item": "minecraft:egg"
    },
    {
      "item": "minecraft:milk_bucket"
    },
    {
      "item": "minecraft:sugar"
    }
  ],
  "result": {
    "id": "minecraft:pumpkin_pie",
    "components": {
      "minecraft:item_name": "{ 'translate': 'item.jmmf.leche_flan', 'italic': false }",
      "minecraft:custom_model_data": 481251,
      "minecraft:custom_data": {
        "smithed": {
          "id": "jmmf:leche_flan"
        }
      },
      "minecraft:food": {
        "nutrition": 6,
        "saturation": 7
      }
    }
  }
}