{
  "type": "crafting_shaped",
  "pattern": [
    "B B",
    "BBB"
  ],
  "key": {
    "B": {
      "item": "minecraft:brick"
    }
  },
  "result": {
    "id": "minecraft:structure_block",
    "components": {
      "minecraft:item_name": "{ 'translate': 'item.jmmf.teacup', 'italic': false }",
      "minecraft:rarity": "common",
      "minecraft:custom_model_data": 481004,
      "minecraft:custom_data": {
        "smithed": {
          "id": "jmmf:teacup"
        }
      }
    }, 
    "count": 2
  } 
}