{
  "type": "minecraft:crafting_shaped",
  "pattern": [
    "WHW"
  ],
  "key": {
    "W": {
      "item": "minecraft:wheat"
    },
    "H": {
      "item": "minecraft:honey_bottle"
    }
  },
  "result": {
    "id": "minecraft:cookie",
    "components": {
      "minecraft:item_name": "{ 'translate': 'item.jmmf.honey_cookie', 'italic': false }",
      "minecraft:custom_model_data": 481100,
      "minecraft:custom_data": {
        "smithed": {
          "id": "jmmf:honey_cookie"
        },
        "joshmats": {
          "tag": ["cookie"]
        }
      }
    },
    "count": 8
  }
}