{
  "providers": [
    {
      "type": "space",
      "advances": {
        "a": -8,
        "b": -168,
        "c": -1,
        "d": -162,
        "m": -60,
        "n": -119
      }
    },
    {
      "type": "bitmap",
      "file": "polydex:sgui/main.png",
      "ascent": 13,
      "height": 256,
      "chars": [
        "e"
      ]
    },
    {
      "type": "bitmap",
      "file": "polydex:sgui/main_inventory.png",
      "ascent": 13,
      "height": 256,
      "chars": [
        "f"
      ]
    },
    {
      "type": "bitmap",
      "file": "polydex:sgui/recipe/0.png",
      "ascent": -4,
      "height": 128,
      "chars": [
        "g",
        "h"
      ]
    },
    {
      "type": "bitmap",
      "file": "polydex:sgui/recipe/1.png",
      "ascent": -4,
      "height": 128,
      "chars": [
        "i",
        "j"
      ]
    },
    {
      "type": "bitmap",
      "file": "polydex:sgui/recipe/2.png",
      "ascent": -4,
      "height": 128,
      "chars": [
        "k",
        "l"
      ]
    },
    {
      "type": "bitmap",
      "file": "polydex:sgui/search.png",
      "ascent": 13,
      "height": 256,
      "chars": [
        "o"
      ]
    }
  ]
}