{
  "type": "minecraft:crafting_shaped",
  "pattern": [
    "BWB",
    "WMW",
    "CWC"
  ],
  "key": {
    "W": {
      "item": "minecraft:wheat"
    },
    "B": {
      "item": "minecraft:sweet_berries"
    },
    "C": {
      "item": "minecraft:cocoa_beans"
    },
    "M": {
      "item": "minecraft:milk_bucket"
    }
  },
  "result": {
    "id": "minecraft:cookie",
    "components": {
      "minecraft:item_name": "{ 'translate': 'item.jmmf.black_forest_doughnut', 'italic': false }",
      "minecraft:custom_model_data": 481330,
      "minecraft:custom_data": {
        "smithed": {
          "id": "jmmf:black_forest_doughnut"
        },
        "joshmats": {
          "tag": ["doughnut"]
        }
      },
      "minecraft:food": {
        "nutrition": 3,
        "saturation": 3
      }
    },
    "count": 16
  }
}