{
  "type": "minecraft:crafting_shaped",
  "pattern": [
    " W ",
    "WCW",
    " W "
  ],
  "key": {
    "W": {
      "item": "minecraft:wheat"
    },
    "C": {
      "item": "minecraft:cocoa_beans"
    }
  },
  "result": {
    "id": "minecraft:cookie",
    "components": {
      "minecraft:item_name": "{ 'translate': 'item.jmmf.chocolate_doughnut', 'italic': false }",
      "minecraft:custom_model_data": 481331,
      "minecraft:custom_data": {
        "smithed": {
          "id": "jmmf:chocolate_doughnut"
        },
        "joshmats": {
          "tag": ["doughnut"]
        }
      },
      "minecraft:food": {
        "nutrition": 3,
        "saturation": 3
      }
    },
    "count": 12
  }
}