{"textures":{"0":"bil:item/iceologer/illusioner","particle":"bil:item/iceologer/illusioner"},"elements":[{"from":[4.0,-4.0,5.0],"to":[12.0,8.0,11.0],"faces":{"up":{"texture":"#0","tintindex":0,"uv":[7.5,6.5,5.5,5.0]},"west":{"texture":"#0","tintindex":0,"uv":[7.5,6.5,9.0,9.5]},"east":{"texture":"#0","tintindex":0,"uv":[4.0,6.5,5.5,9.5]},"south":{"texture":"#0","tintindex":0,"uv":[9.0,6.5,11.0,9.5]},"down":{"texture":"#0","tintindex":0,"uv":[9.5,5.0,7.5,6.5]},"north":{"texture":"#0","tintindex":0,"uv":[5.5,6.5,7.5,9.5]}},"rotation":{"axis":"y","angle":0.0,"origin":[8.0,-16.0,8.0]}},{"from":[3.75,-12.25,4.75],"to":[12.25,8.25,11.25],"faces":{"up":{"texture":"#0","tintindex":0,"uv":[3.5,11.0,1.5,9.5]},"west":{"texture":"#0","tintindex":0,"uv":[3.5,11.0,5.0,16.0]},"east":{"texture":"#0","tintindex":0,"uv":[0.0,11.0,1.5,16.0]},"south":{"texture":"#0","tintindex":0,"uv":[5.0,11.0,7.0,16.0]},"down":{"texture":"#0","tintindex":0,"uv":[9.0,14.5,7.0,16.0]},"north":{"texture":"#0","tintindex":0,"uv":[1.5,11.0,3.5,16.0]}},"rotation":{"axis":"y","angle":0.0,"origin":[8.0,-16.0,8.0]}}],"display":{"head":{"rotation":[0.0,180.0,0.0]}}}