{"textures":{"0":"bil:item/iceologer/illusioner","particle":"bil:item/iceologer/illusioner"},"elements":[{"from":[5.0,-2.0,6.0],"to":[9.0,10.0,10.0],"faces":{"up":{"texture":"#0","tintindex":0,"uv":[11.0,12.5,12.0,11.5]},"west":{"texture":"#0","tintindex":0,"uv":[11.0,12.5,10.0,15.5]},"east":{"texture":"#0","tintindex":0,"uv":[13.0,12.5,12.0,15.5]},"south":{"texture":"#0","tintindex":0,"uv":[14.0,12.5,13.0,15.5]},"down":{"texture":"#0","tintindex":0,"uv":[12.0,11.5,13.0,12.5]},"north":{"texture":"#0","tintindex":0,"uv":[12.0,12.5,11.0,15.5]}},"rotation":{"axis":"y","angle":0.0,"origin":[13.0,-14.0,8.0]}}],"display":{"head":{"rotation":[0.0,180.0,0.0]}}}