{
    "pools": [
        {
            "rolls": 1,
            "entries": [
                {
                    "type": "item",
                    "name": "minecraft:netherite_sword",
                    "functions": [
                        {
                            "function": "minecraft:set_components",
                            "components": {
                                "minecraft:item_name": "{'translate': 'item.jmmf.netherite_knife', 'italic': false }",
                                "minecraft:attribute_modifiers": {
                                    "modifiers": [
                                    {
                                        "type": "minecraft:generic.attack_damage",
                                        "slot": "mainhand",
                                        "id": "jmmf:netherite_knife.attack_damage",
                                        "amount": 4.5,
                                        "operation": "add_value"
                                    },
                                    {
                                        "type": "minecraft:generic.attack_speed",
                                        "slot": "mainhand",
                                        "id": "jmmf:netherite_knife.attack_speed",
                                        "amount": -2,
                                        "operation": "add_value"
                                    }
                                    ],
                                    "show_in_tooltip": false
                                }
                            }
                        },
                        {"function": "set_custom_model_data", "value": 481055 },
                        {"function": "set_custom_data", "tag": "{'smithed':{'id':'jmmf:netherite_knife'},'joshmats':{'tag':['knife']}}" },
                        {
                            "function": "set_lore", 
                            "lore": [
                                { "text": ""}, 
                                {"translate": "item.modifiers.mainhand", "color": "gray", "italic": false}, 
                                {"translate": "item.jmmf.netherite_knife.lore.attack_damage", "color": "dark_green", "italic": false}, 
                                {"translate": "item.jmmf.netherite_knife.lore.attack_speed", "color": "dark_green",  "italic": false}
                            ],
                            "mode":"insert"
                        }
                    ]
                }
            ]
        }
    ]
}
