{
  "type": "minecraft:crafting_shaped",
  "pattern": [
    "WCW"
  ],
  "key": {
    "W": {
      "item": "minecraft:wheat"
    },
    "C": {
      "item": "minecraft:carrot"
    }
  },
  "result": {
    "id": "minecraft:bread",
    "components": {
      "minecraft:item_name": "{ 'translate': 'item.jmmf.carrot_bread', 'italic': false }",
      "minecraft:custom_model_data": 481070,
      "minecraft:custom_data": {
        "smithed": {
          "id": "jmmf:carrot_bread"
        }
      }
    }
  }
}