{"sources":[{"type":"directory","source":"sgui/elements","prefix":"sgui/elements/"},{"type":"single","resource":"polyfactory:icon"},{"type":"unstitch","resource":"polyfactory:block/fluids/tank/side","divisor_x":64,"divisor_y":64,"regions":[{"sprite":"polyfactory:block/fluids/tank/side_negative_positive","x":0,"y":0,"width":16,"height":16},{"sprite":"polyfactory:block/fluids/tank/side_middle_positive","x":16,"y":0,"width":16,"height":16},{"sprite":"polyfactory:block/fluids/tank/side_positive_positive","x":32,"y":0,"width":16,"height":16},{"sprite":"polyfactory:block/fluids/tank/side_negative_middle","x":0,"y":16,"width":16,"height":16},{"sprite":"polyfactory:block/fluids/tank/side_middle_middle","x":16,"y":16,"width":16,"height":16},{"sprite":"polyfactory:block/fluids/tank/side_positive_middle","x":32,"y":16,"width":16,"height":16},{"sprite":"polyfactory:block/fluids/tank/side_negative_negative","x":0,"y":32,"width":16,"height":16},{"sprite":"polyfactory:block/fluids/tank/side_middle_negative","x":16,"y":32,"width":16,"height":16},{"sprite":"polyfactory:block/fluids/tank/side_positive_negative","x":32,"y":32,"width":16,"height":16},{"sprite":"polyfactory:block/fluids/tank/side_negative_single","x":0,"y":48,"width":16,"height":16},{"sprite":"polyfactory:block/fluids/tank/side_middle_single","x":16,"y":48,"width":16,"height":16},{"sprite":"polyfactory:block/fluids/tank/side_positive_single","x":32,"y":48,"width":16,"height":16},{"sprite":"polyfactory:block/fluids/tank/side_single_positive","x":48,"y":0,"width":16,"height":16},{"sprite":"polyfactory:block/fluids/tank/side_single_middle","x":48,"y":16,"width":16,"height":16},{"sprite":"polyfactory:block/fluids/tank/side_single_negative","x":48,"y":32,"width":16,"height":16},{"sprite":"polyfactory:block/fluids/tank/side_single_single","x":48,"y":48,"width":16,"height":16}]},{"type":"unstitch","resource":"polyfactory:block/fluids/tank/bottom","divisor_x":64,"divisor_y":64,"regions":[{"sprite":"polyfactory:block/fluids/tank/bottom_negative_positive","x":0,"y":0,"width":16,"height":16},{"sprite":"polyfactory:block/fluids/tank/bottom_middle_positive","x":16,"y":0,"width":16,"height":16},{"sprite":"polyfactory:block/fluids/tank/bottom_positive_positive","x":32,"y":0,"width":16,"height":16},{"sprite":"polyfactory:block/fluids/tank/bottom_negative_middle","x":0,"y":16,"width":16,"height":16},{"sprite":"polyfactory:block/fluids/tank/bottom_middle_middle","x":16,"y":16,"width":16,"height":16},{"sprite":"polyfactory:block/fluids/tank/bottom_positive_middle","x":32,"y":16,"width":16,"height":16},{"sprite":"polyfactory:block/fluids/tank/bottom_negative_negative","x":0,"y":32,"width":16,"height":16},{"sprite":"polyfactory:block/fluids/tank/bottom_middle_negative","x":16,"y":32,"width":16,"height":16},{"sprite":"polyfactory:block/fluids/tank/bottom_positive_negative","x":32,"y":32,"width":16,"height":16},{"sprite":"polyfactory:block/fluids/tank/bottom_negative_single","x":0,"y":48,"width":16,"height":16},{"sprite":"polyfactory:block/fluids/tank/bottom_middle_single","x":16,"y":48,"width":16,"height":16},{"sprite":"polyfactory:block/fluids/tank/bottom_positive_single","x":32,"y":48,"width":16,"height":16},{"sprite":"polyfactory:block/fluids/tank/bottom_single_positive","x":48,"y":0,"width":16,"height":16},{"sprite":"polyfactory:block/fluids/tank/bottom_single_middle","x":48,"y":16,"width":16,"height":16},{"sprite":"polyfactory:block/fluids/tank/bottom_single_negative","x":48,"y":32,"width":16,"height":16},{"sprite":"polyfactory:block/fluids/tank/bottom_single_single","x":48,"y":48,"width":16,"height":16}]},{"type":"directory","source":"sgui/elements","prefix":"sgui/elements/"},{"type":"single","resource":"minecraft:entity/enchanting_table_book"},{"type":"minecraft:single","resource":"computercraft:gui/turtle_upgrade_left"},{"type":"minecraft:single","resource":"computercraft:gui/turtle_upgrade_right"},{"type":"minecraft:single","resource":"computercraft:entity/printout"},{"type":"minecraft:single","resource":"computercraft:entity/pocket_computer_normal"},{"type":"minecraft:single","resource":"computercraft:entity/pocket_computer_advanced"},{"type":"minecraft:single","resource":"computercraft:entity/pocket_computer_colour"},{"type":"minecraft:single","resource":"computercraft:entity/pocket_computer_frame"},{"type":"minecraft:single","resource":"computercraft:entity/pocket_computer_light"},{"type":"directory","source":"sgui/elements","prefix":"sgui/elements/"}]}